"model","exposure","outcome","term","lnhr","se_lnhr","hr","conf_low","conf_high","N_total","N_exposed","N_events","person_time_total","outcome_time_median","covariate_collapsed","strata_warning","obs_warning","surv_formula","input","cox_ipw"
"mdl_age_sex","exp_date","out_date","cov_cat_sex=Male",-0.0704774187520021,0.0451148887583373,0.931948783854805,0.853080830361067,1.0181081379602,4054,434,NA,NA,NA,"","","","Surv(tstart, tstop, outcome_status) ~ days0_1 + days1_7 + days7_14 + days14_28 + days28_56 + days56_84 + days84_183 + days183_365 + days365_730 + days730_1065 + days1065_1582 + cov_cat_sex + rms::strat(strat_cat_region) + cluster(patient_id) + rms::rcs(cov_num_age, parms=knot_placement)","model/model_input-cohort_prevax-main-stroke_sahhs.rds","v0.0.37"
"mdl_age_sex","exp_date","out_date","cov_num_age",-0.00226737285232348,0.0023318959475758,0.99773519569585,0.993185519669542,1.00230571329862,4054,434,NA,NA,NA,"","","","Surv(tstart, tstop, outcome_status) ~ days0_1 + days1_7 + days7_14 + days14_28 + days28_56 + days56_84 + days84_183 + days183_365 + days365_730 + days730_1065 + days1065_1582 + cov_cat_sex + rms::strat(strat_cat_region) + cluster(patient_id) + rms::rcs(cov_num_age, parms=knot_placement)","model/model_input-cohort_prevax-main-stroke_sahhs.rds","v0.0.37"
"mdl_age_sex","exp_date","out_date","cov_num_age'",0.00366352406984394,0.00298531220691787,1.0036702429766,0.997814810671719,1.00956003645463,4054,434,NA,NA,NA,"","","","Surv(tstart, tstop, outcome_status) ~ days0_1 + days1_7 + days7_14 + days14_28 + days28_56 + days56_84 + days84_183 + days183_365 + days365_730 + days730_1065 + days1065_1582 + cov_cat_sex + rms::strat(strat_cat_region) + cluster(patient_id) + rms::rcs(cov_num_age, parms=knot_placement)","model/model_input-cohort_prevax-main-stroke_sahhs.rds","v0.0.37"
"mdl_age_sex","exp_date","out_date","days0_1",-2.00361428614234,0.084452317551526,0.134847025680612,0.114276104794335,0.15912093230368,4054,434,0,434,NA,"","","","Surv(tstart, tstop, outcome_status) ~ days0_1 + days1_7 + days7_14 + days14_28 + days28_56 + days56_84 + days84_183 + days183_365 + days365_730 + days730_1065 + days1065_1582 + cov_cat_sex + rms::strat(strat_cat_region) + cluster(patient_id) + rms::rcs(cov_num_age, parms=knot_placement)","model/model_input-cohort_prevax-main-stroke_sahhs.rds","v0.0.37"
"mdl_age_sex","exp_date","out_date","days1_7",0.121540523378707,1.00196805844871,1.12923512542062,0.158455610497708,8.04750279575727,4054,434,1,2599,2,"","","","Surv(tstart, tstop, outcome_status) ~ days0_1 + days1_7 + days7_14 + days14_28 + days28_56 + days56_84 + days84_183 + days183_365 + days365_730 + days730_1065 + days1065_1582 + cov_cat_sex + rms::strat(strat_cat_region) + cluster(patient_id) + rms::rcs(cov_num_age, parms=knot_placement)","model/model_input-cohort_prevax-main-stroke_sahhs.rds","v0.0.37"
"mdl_age_sex","exp_date","out_date","days1065_1582",0.0668125831806586,0.154400366437725,1.06909509299551,0.789933452637399,1.44691215956355,4054,434,45,73779,1285,"","","","Surv(tstart, tstop, outcome_status) ~ days0_1 + days1_7 + days7_14 + days14_28 + days28_56 + days56_84 + days84_183 + days183_365 + days365_730 + days730_1065 + days1065_1582 + cov_cat_sex + rms::strat(strat_cat_region) + cluster(patient_id) + rms::rcs(cov_num_age, parms=knot_placement)","model/model_input-cohort_prevax-main-stroke_sahhs.rds","v0.0.37"
"mdl_age_sex","exp_date","out_date","days14_28",0.938632905504622,0.409934916163385,2.55648407296949,1.14473736347656,5.70926661771401,4054,434,5,6004,18,"","","","Surv(tstart, tstop, outcome_status) ~ days0_1 + days1_7 + days7_14 + days14_28 + days28_56 + days56_84 + days84_183 + days183_365 + days365_730 + days730_1065 + days1065_1582 + cov_cat_sex + rms::strat(strat_cat_region) + cluster(patient_id) + rms::rcs(cov_num_age, parms=knot_placement)","model/model_input-cohort_prevax-main-stroke_sahhs.rds","v0.0.37"
"mdl_age_sex","exp_date","out_date","days183_365",0.161270627275733,0.18398389413818,1.17500291362716,0.819278520581908,1.68518008509693,4054,434,31,70119,274,"","","","Surv(tstart, tstop, outcome_status) ~ days0_1 + days1_7 + days7_14 + days14_28 + days28_56 + days56_84 + days84_183 + days183_365 + days365_730 + days730_1065 + days1065_1582 + cov_cat_sex + rms::strat(strat_cat_region) + cluster(patient_id) + rms::rcs(cov_num_age, parms=knot_placement)","model/model_input-cohort_prevax-main-stroke_sahhs.rds","v0.0.37"
"mdl_age_sex","exp_date","out_date","days28_56",-0.04867872545349,0.503087646310504,0.952487090405206,0.355328561109142,2.55321906732375,4054,434,4,11907,44.5,"","","","Surv(tstart, tstop, outcome_status) ~ days0_1 + days1_7 + days7_14 + days14_28 + days28_56 + days56_84 + days84_183 + days183_365 + days365_730 + days730_1065 + days1065_1582 + cov_cat_sex + rms::strat(strat_cat_region) + cluster(patient_id) + rms::rcs(cov_num_age, parms=knot_placement)","model/model_input-cohort_prevax-main-stroke_sahhs.rds","v0.0.37"
"mdl_age_sex","exp_date","out_date","days365_730",0.115414102482292,0.141595401329422,1.12233810435045,0.850349545100154,1.48132356597968,4054,434,55,120707,521,"","","","Surv(tstart, tstop, outcome_status) ~ days0_1 + days1_7 + days7_14 + days14_28 + days28_56 + days56_84 + days84_183 + days183_365 + days365_730 + days730_1065 + days1065_1582 + cov_cat_sex + rms::strat(strat_cat_region) + cluster(patient_id) + rms::rcs(cov_num_age, parms=knot_placement)","model/model_input-cohort_prevax-main-stroke_sahhs.rds","v0.0.37"
"mdl_age_sex","exp_date","out_date","days56_84",0.35943316406687,0.407962317178062,1.43251718216716,0.643934488070017,3.18682337290963,4054,434,6,11737,75,"","","","Surv(tstart, tstop, outcome_status) ~ days0_1 + days1_7 + days7_14 + days14_28 + days28_56 + days56_84 + days84_183 + days183_365 + days365_730 + days730_1065 + days1065_1582 + cov_cat_sex + rms::strat(strat_cat_region) + cluster(patient_id) + rms::rcs(cov_num_age, parms=knot_placement)","model/model_input-cohort_prevax-main-stroke_sahhs.rds","v0.0.37"
"mdl_age_sex","exp_date","out_date","days7_14",-0.0333855461257636,1.00222429060716,0.967165600746894,0.135645683649075,6.89597541259088,4054,434,1,3029,12,"","","","Surv(tstart, tstop, outcome_status) ~ days0_1 + days1_7 + days7_14 + days14_28 + days28_56 + days56_84 + days84_183 + days183_365 + days365_730 + days730_1065 + days1065_1582 + cov_cat_sex + rms::strat(strat_cat_region) + cluster(patient_id) + rms::rcs(cov_num_age, parms=knot_placement)","model/model_input-cohort_prevax-main-stroke_sahhs.rds","v0.0.37"
"mdl_age_sex","exp_date","out_date","days730_1065",-0.0535459669752375,0.154905115677365,0.947862369636315,0.699664450899818,1.28410564609522,4054,434,44,94966,931,"","","","Surv(tstart, tstop, outcome_status) ~ days0_1 + days1_7 + days7_14 + days14_28 + days28_56 + days56_84 + days84_183 + days183_365 + days365_730 + days730_1065 + days1065_1582 + cov_cat_sex + rms::strat(strat_cat_region) + cluster(patient_id) + rms::rcs(cov_num_age, parms=knot_placement)","model/model_input-cohort_prevax-main-stroke_sahhs.rds","v0.0.37"
"mdl_age_sex","exp_date","out_date","days84_183",-0.304591544193321,0.303871014371974,0.737424518211921,0.40650144782803,1.33774411620333,4054,434,11,40451,120,"","","","Surv(tstart, tstop, outcome_status) ~ days0_1 + days1_7 + days7_14 + days14_28 + days28_56 + days56_84 + days84_183 + days183_365 + days365_730 + days730_1065 + days1065_1582 + cov_cat_sex + rms::strat(strat_cat_region) + cluster(patient_id) + rms::rcs(cov_num_age, parms=knot_placement)","model/model_input-cohort_prevax-main-stroke_sahhs.rds","v0.0.37"
"mdl_age_sex","exp_date","out_date","days_pre",NA,NA,NA,NA,NA,4054,434,1766,4213874,766,"","","","Surv(tstart, tstop, outcome_status) ~ days0_1 + days1_7 + days7_14 + days14_28 + days28_56 + days56_84 + days84_183 + days183_365 + days365_730 + days730_1065 + days1065_1582 + cov_cat_sex + rms::strat(strat_cat_region) + cluster(patient_id) + rms::rcs(cov_num_age, parms=knot_placement)","model/model_input-cohort_prevax-main-stroke_sahhs.rds","v0.0.37"
"mdl_max_adj","exp_date","out_date","cov_bin_ami",-0.00864075583943176,0.0536773802029092,0.991396468199539,0.892394938858922,1.10138114231719,4054,434,NA,NA,NA,"","","","Surv(tstart, tstop, outcome_status) ~ days0_1 + days1_7 + days7_14 + days14_28 + days28_56 + days56_84 + days84_183 + days183_365 + days365_730 + days730_1065 + days1065_1582 + cov_cat_sex + rms::strat(strat_cat_region) + cluster(patient_id) + rms::rcs(cov_num_age, parms=knot_placement) + cov_cat_ethnicity + cov_cat_imd + cov_num_consrate2019 + cov_bin_hcworker + cov_bin_carehome + cov_bin_ami + cov_bin_dementia + cov_bin_liver_disease + cov_bin_ckd + cov_bin_cancer + cov_bin_hypertension + cov_bin_diabetes + cov_bin_depression + cov_bin_copd + cov_bin_stroke_all + cov_bin_other_ae + cov_bin_vte + cov_bin_hf + cov_bin_angina + cov_bin_lipidmed + cov_bin_antiplatelet + cov_bin_anticoagulant + cov_bin_cocp + cov_bin_hrt","model/model_input-cohort_prevax-main-stroke_sahhs.rds","v0.0.37"
"mdl_max_adj","exp_date","out_date","cov_bin_angina",-0.0192891050465713,0.085229402791483,0.980895739337972,0.829994948012674,1.15923169623521,4054,434,NA,NA,NA,"","","","Surv(tstart, tstop, outcome_status) ~ days0_1 + days1_7 + days7_14 + days14_28 + days28_56 + days56_84 + days84_183 + days183_365 + days365_730 + days730_1065 + days1065_1582 + cov_cat_sex + rms::strat(strat_cat_region) + cluster(patient_id) + rms::rcs(cov_num_age, parms=knot_placement) + cov_cat_ethnicity + cov_cat_imd + cov_num_consrate2019 + cov_bin_hcworker + cov_bin_carehome + cov_bin_ami + cov_bin_dementia + cov_bin_liver_disease + cov_bin_ckd + cov_bin_cancer + cov_bin_hypertension + cov_bin_diabetes + cov_bin_depression + cov_bin_copd + cov_bin_stroke_all + cov_bin_other_ae + cov_bin_vte + cov_bin_hf + cov_bin_angina + cov_bin_lipidmed + cov_bin_antiplatelet + cov_bin_anticoagulant + cov_bin_cocp + cov_bin_hrt","model/model_input-cohort_prevax-main-stroke_sahhs.rds","v0.0.37"
"mdl_max_adj","exp_date","out_date","cov_bin_anticoagulant",-0.0288644956253032,0.108935487859431,0.971548104565896,0.784762520622892,1.2027915384343,4054,434,NA,NA,NA,"","","","Surv(tstart, tstop, outcome_status) ~ days0_1 + days1_7 + days7_14 + days14_28 + days28_56 + days56_84 + days84_183 + days183_365 + days365_730 + days730_1065 + days1065_1582 + cov_cat_sex + rms::strat(strat_cat_region) + cluster(patient_id) + rms::rcs(cov_num_age, parms=knot_placement) + cov_cat_ethnicity + cov_cat_imd + cov_num_consrate2019 + cov_bin_hcworker + cov_bin_carehome + cov_bin_ami + cov_bin_dementia + cov_bin_liver_disease + cov_bin_ckd + cov_bin_cancer + cov_bin_hypertension + cov_bin_diabetes + cov_bin_depression + cov_bin_copd + cov_bin_stroke_all + cov_bin_other_ae + cov_bin_vte + cov_bin_hf + cov_bin_angina + cov_bin_lipidmed + cov_bin_antiplatelet + cov_bin_anticoagulant + cov_bin_cocp + cov_bin_hrt","model/model_input-cohort_prevax-main-stroke_sahhs.rds","v0.0.37"
"mdl_max_adj","exp_date","out_date","cov_bin_antiplatelet",0.0958148233244329,0.081617273109042,1.10055524796148,0.937862346867265,1.29147081963722,4054,434,NA,NA,NA,"","","","Surv(tstart, tstop, outcome_status) ~ days0_1 + days1_7 + days7_14 + days14_28 + days28_56 + days56_84 + days84_183 + days183_365 + days365_730 + days730_1065 + days1065_1582 + cov_cat_sex + rms::strat(strat_cat_region) + cluster(patient_id) + rms::rcs(cov_num_age, parms=knot_placement) + cov_cat_ethnicity + cov_cat_imd + cov_num_consrate2019 + cov_bin_hcworker + cov_bin_carehome + cov_bin_ami + cov_bin_dementia + cov_bin_liver_disease + cov_bin_ckd + cov_bin_cancer + cov_bin_hypertension + cov_bin_diabetes + cov_bin_depression + cov_bin_copd + cov_bin_stroke_all + cov_bin_other_ae + cov_bin_vte + cov_bin_hf + cov_bin_angina + cov_bin_lipidmed + cov_bin_antiplatelet + cov_bin_anticoagulant + cov_bin_cocp + cov_bin_hrt","model/model_input-cohort_prevax-main-stroke_sahhs.rds","v0.0.37"
"mdl_max_adj","exp_date","out_date","cov_bin_cancer",0.0255708009409156,0.0597636948396054,1.02590053842261,0.912503015815419,1.15339006720466,4054,434,NA,NA,NA,"","","","Surv(tstart, tstop, outcome_status) ~ days0_1 + days1_7 + days7_14 + days14_28 + days28_56 + days56_84 + days84_183 + days183_365 + days365_730 + days730_1065 + days1065_1582 + cov_cat_sex + rms::strat(strat_cat_region) + cluster(patient_id) + rms::rcs(cov_num_age, parms=knot_placement) + cov_cat_ethnicity + cov_cat_imd + cov_num_consrate2019 + cov_bin_hcworker + cov_bin_carehome + cov_bin_ami + cov_bin_dementia + cov_bin_liver_disease + cov_bin_ckd + cov_bin_cancer + cov_bin_hypertension + cov_bin_diabetes + cov_bin_depression + cov_bin_copd + cov_bin_stroke_all + cov_bin_other_ae + cov_bin_vte + cov_bin_hf + cov_bin_angina + cov_bin_lipidmed + cov_bin_antiplatelet + cov_bin_anticoagulant + cov_bin_cocp + cov_bin_hrt","model/model_input-cohort_prevax-main-stroke_sahhs.rds","v0.0.37"
"mdl_max_adj","exp_date","out_date","cov_bin_carehome",-0.113403535291768,0.0638879418473146,0.892790315014666,0.787712896262198,1.01188459699747,4054,434,NA,NA,NA,"","","","Surv(tstart, tstop, outcome_status) ~ days0_1 + days1_7 + days7_14 + days14_28 + days28_56 + days56_84 + days84_183 + days183_365 + days365_730 + days730_1065 + days1065_1582 + cov_cat_sex + rms::strat(strat_cat_region) + cluster(patient_id) + rms::rcs(cov_num_age, parms=knot_placement) + cov_cat_ethnicity + cov_cat_imd + cov_num_consrate2019 + cov_bin_hcworker + cov_bin_carehome + cov_bin_ami + cov_bin_dementia + cov_bin_liver_disease + cov_bin_ckd + cov_bin_cancer + cov_bin_hypertension + cov_bin_diabetes + cov_bin_depression + cov_bin_copd + cov_bin_stroke_all + cov_bin_other_ae + cov_bin_vte + cov_bin_hf + cov_bin_angina + cov_bin_lipidmed + cov_bin_antiplatelet + cov_bin_anticoagulant + cov_bin_cocp + cov_bin_hrt","model/model_input-cohort_prevax-main-stroke_sahhs.rds","v0.0.37"
"mdl_max_adj","exp_date","out_date","cov_bin_ckd",-0.0299387441776679,0.0547260629107956,0.970504980808421,0.871795974629146,1.08039030367698,4054,434,NA,NA,NA,"","","","Surv(tstart, tstop, outcome_status) ~ days0_1 + days1_7 + days7_14 + days14_28 + days28_56 + days56_84 + days84_183 + days183_365 + days365_730 + days730_1065 + days1065_1582 + cov_cat_sex + rms::strat(strat_cat_region) + cluster(patient_id) + rms::rcs(cov_num_age, parms=knot_placement) + cov_cat_ethnicity + cov_cat_imd + cov_num_consrate2019 + cov_bin_hcworker + cov_bin_carehome + cov_bin_ami + cov_bin_dementia + cov_bin_liver_disease + cov_bin_ckd + cov_bin_cancer + cov_bin_hypertension + cov_bin_diabetes + cov_bin_depression + cov_bin_copd + cov_bin_stroke_all + cov_bin_other_ae + cov_bin_vte + cov_bin_hf + cov_bin_angina + cov_bin_lipidmed + cov_bin_antiplatelet + cov_bin_anticoagulant + cov_bin_cocp + cov_bin_hrt","model/model_input-cohort_prevax-main-stroke_sahhs.rds","v0.0.37"
"mdl_max_adj","exp_date","out_date","cov_bin_cocp",-0.043877766633415,0.128452717373442,0.957070936326149,0.744054892668956,1.23107150585965,4054,434,NA,NA,NA,"","","","Surv(tstart, tstop, outcome_status) ~ days0_1 + days1_7 + days7_14 + days14_28 + days28_56 + days56_84 + days84_183 + days183_365 + days365_730 + days730_1065 + days1065_1582 + cov_cat_sex + rms::strat(strat_cat_region) + cluster(patient_id) + rms::rcs(cov_num_age, parms=knot_placement) + cov_cat_ethnicity + cov_cat_imd + cov_num_consrate2019 + cov_bin_hcworker + cov_bin_carehome + cov_bin_ami + cov_bin_dementia + cov_bin_liver_disease + cov_bin_ckd + cov_bin_cancer + cov_bin_hypertension + cov_bin_diabetes + cov_bin_depression + cov_bin_copd + cov_bin_stroke_all + cov_bin_other_ae + cov_bin_vte + cov_bin_hf + cov_bin_angina + cov_bin_lipidmed + cov_bin_antiplatelet + cov_bin_anticoagulant + cov_bin_cocp + cov_bin_hrt","model/model_input-cohort_prevax-main-stroke_sahhs.rds","v0.0.37"
"mdl_max_adj","exp_date","out_date","cov_bin_copd",-0.0321222099620199,0.0528664381499591,0.968388228158747,0.873070889094892,1.07411181858168,4054,434,NA,NA,NA,"","","","Surv(tstart, tstop, outcome_status) ~ days0_1 + days1_7 + days7_14 + days14_28 + days28_56 + days56_84 + days84_183 + days183_365 + days365_730 + days730_1065 + days1065_1582 + cov_cat_sex + rms::strat(strat_cat_region) + cluster(patient_id) + rms::rcs(cov_num_age, parms=knot_placement) + cov_cat_ethnicity + cov_cat_imd + cov_num_consrate2019 + cov_bin_hcworker + cov_bin_carehome + cov_bin_ami + cov_bin_dementia + cov_bin_liver_disease + cov_bin_ckd + cov_bin_cancer + cov_bin_hypertension + cov_bin_diabetes + cov_bin_depression + cov_bin_copd + cov_bin_stroke_all + cov_bin_other_ae + cov_bin_vte + cov_bin_hf + cov_bin_angina + cov_bin_lipidmed + cov_bin_antiplatelet + cov_bin_anticoagulant + cov_bin_cocp + cov_bin_hrt","model/model_input-cohort_prevax-main-stroke_sahhs.rds","v0.0.37"
"mdl_max_adj","exp_date","out_date","cov_bin_dementia",-0.0221051148839554,0.0720698919111442,0.978137412846589,0.849285808992182,1.12653807267257,4054,434,NA,NA,NA,"","","","Surv(tstart, tstop, outcome_status) ~ days0_1 + days1_7 + days7_14 + days14_28 + days28_56 + days56_84 + days84_183 + days183_365 + days365_730 + days730_1065 + days1065_1582 + cov_cat_sex + rms::strat(strat_cat_region) + cluster(patient_id) + rms::rcs(cov_num_age, parms=knot_placement) + cov_cat_ethnicity + cov_cat_imd + cov_num_consrate2019 + cov_bin_hcworker + cov_bin_carehome + cov_bin_ami + cov_bin_dementia + cov_bin_liver_disease + cov_bin_ckd + cov_bin_cancer + cov_bin_hypertension + cov_bin_diabetes + cov_bin_depression + cov_bin_copd + cov_bin_stroke_all + cov_bin_other_ae + cov_bin_vte + cov_bin_hf + cov_bin_angina + cov_bin_lipidmed + cov_bin_antiplatelet + cov_bin_anticoagulant + cov_bin_cocp + cov_bin_hrt","model/model_input-cohort_prevax-main-stroke_sahhs.rds","v0.0.37"
"mdl_max_adj","exp_date","out_date","cov_bin_depression",-0.0339614313514993,0.0575261024148787,0.966608784713036,0.863543919711094,1.08197454855221,4054,434,NA,NA,NA,"","","","Surv(tstart, tstop, outcome_status) ~ days0_1 + days1_7 + days7_14 + days14_28 + days28_56 + days56_84 + days84_183 + days183_365 + days365_730 + days730_1065 + days1065_1582 + cov_cat_sex + rms::strat(strat_cat_region) + cluster(patient_id) + rms::rcs(cov_num_age, parms=knot_placement) + cov_cat_ethnicity + cov_cat_imd + cov_num_consrate2019 + cov_bin_hcworker + cov_bin_carehome + cov_bin_ami + cov_bin_dementia + cov_bin_liver_disease + cov_bin_ckd + cov_bin_cancer + cov_bin_hypertension + cov_bin_diabetes + cov_bin_depression + cov_bin_copd + cov_bin_stroke_all + cov_bin_other_ae + cov_bin_vte + cov_bin_hf + cov_bin_angina + cov_bin_lipidmed + cov_bin_antiplatelet + cov_bin_anticoagulant + cov_bin_cocp + cov_bin_hrt","model/model_input-cohort_prevax-main-stroke_sahhs.rds","v0.0.37"
"mdl_max_adj","exp_date","out_date","cov_bin_diabetes",0.00704260621765315,0.0488249082414101,1.00706746368835,0.915163578393764,1.10820065435703,4054,434,NA,NA,NA,"","","","Surv(tstart, tstop, outcome_status) ~ days0_1 + days1_7 + days7_14 + days14_28 + days28_56 + days56_84 + days84_183 + days183_365 + days365_730 + days730_1065 + days1065_1582 + cov_cat_sex + rms::strat(strat_cat_region) + cluster(patient_id) + rms::rcs(cov_num_age, parms=knot_placement) + cov_cat_ethnicity + cov_cat_imd + cov_num_consrate2019 + cov_bin_hcworker + cov_bin_carehome + cov_bin_ami + cov_bin_dementia + cov_bin_liver_disease + cov_bin_ckd + cov_bin_cancer + cov_bin_hypertension + cov_bin_diabetes + cov_bin_depression + cov_bin_copd + cov_bin_stroke_all + cov_bin_other_ae + cov_bin_vte + cov_bin_hf + cov_bin_angina + cov_bin_lipidmed + cov_bin_antiplatelet + cov_bin_anticoagulant + cov_bin_cocp + cov_bin_hrt","model/model_input-cohort_prevax-main-stroke_sahhs.rds","v0.0.37"
"mdl_max_adj","exp_date","out_date","cov_bin_hcworker",0.0275426772095165,0.0455238886383521,1.02792548316238,0.940181342324401,1.12385850619233,4054,434,NA,NA,NA,"","","","Surv(tstart, tstop, outcome_status) ~ days0_1 + days1_7 + days7_14 + days14_28 + days28_56 + days56_84 + days84_183 + days183_365 + days365_730 + days730_1065 + days1065_1582 + cov_cat_sex + rms::strat(strat_cat_region) + cluster(patient_id) + rms::rcs(cov_num_age, parms=knot_placement) + cov_cat_ethnicity + cov_cat_imd + cov_num_consrate2019 + cov_bin_hcworker + cov_bin_carehome + cov_bin_ami + cov_bin_dementia + cov_bin_liver_disease + cov_bin_ckd + cov_bin_cancer + cov_bin_hypertension + cov_bin_diabetes + cov_bin_depression + cov_bin_copd + cov_bin_stroke_all + cov_bin_other_ae + cov_bin_vte + cov_bin_hf + cov_bin_angina + cov_bin_lipidmed + cov_bin_antiplatelet + cov_bin_anticoagulant + cov_bin_cocp + cov_bin_hrt","model/model_input-cohort_prevax-main-stroke_sahhs.rds","v0.0.37"
"mdl_max_adj","exp_date","out_date","cov_bin_hf",0.0496055954892019,0.0721413187729049,1.05085655206799,0.912297814613323,1.21045943039146,4054,434,NA,NA,NA,"","","","Surv(tstart, tstop, outcome_status) ~ days0_1 + days1_7 + days7_14 + days14_28 + days28_56 + days56_84 + days84_183 + days183_365 + days365_730 + days730_1065 + days1065_1582 + cov_cat_sex + rms::strat(strat_cat_region) + cluster(patient_id) + rms::rcs(cov_num_age, parms=knot_placement) + cov_cat_ethnicity + cov_cat_imd + cov_num_consrate2019 + cov_bin_hcworker + cov_bin_carehome + cov_bin_ami + cov_bin_dementia + cov_bin_liver_disease + cov_bin_ckd + cov_bin_cancer + cov_bin_hypertension + cov_bin_diabetes + cov_bin_depression + cov_bin_copd + cov_bin_stroke_all + cov_bin_other_ae + cov_bin_vte + cov_bin_hf + cov_bin_angina + cov_bin_lipidmed + cov_bin_antiplatelet + cov_bin_anticoagulant + cov_bin_cocp + cov_bin_hrt","model/model_input-cohort_prevax-main-stroke_sahhs.rds","v0.0.37"
"mdl_max_adj","exp_date","out_date","cov_bin_hrt",0.121796887067945,0.0895707199395426,1.12952465741455,0.947660940802706,1.34628947630445,4054,434,NA,NA,NA,"","","","Surv(tstart, tstop, outcome_status) ~ days0_1 + days1_7 + days7_14 + days14_28 + days28_56 + days56_84 + days84_183 + days183_365 + days365_730 + days730_1065 + days1065_1582 + cov_cat_sex + rms::strat(strat_cat_region) + cluster(patient_id) + rms::rcs(cov_num_age, parms=knot_placement) + cov_cat_ethnicity + cov_cat_imd + cov_num_consrate2019 + cov_bin_hcworker + cov_bin_carehome + cov_bin_ami + cov_bin_dementia + cov_bin_liver_disease + cov_bin_ckd + cov_bin_cancer + cov_bin_hypertension + cov_bin_diabetes + cov_bin_depression + cov_bin_copd + cov_bin_stroke_all + cov_bin_other_ae + cov_bin_vte + cov_bin_hf + cov_bin_angina + cov_bin_lipidmed + cov_bin_antiplatelet + cov_bin_anticoagulant + cov_bin_cocp + cov_bin_hrt","model/model_input-cohort_prevax-main-stroke_sahhs.rds","v0.0.37"
"mdl_max_adj","exp_date","out_date","cov_bin_hypertension",0.000335439292910428,0.0551074290818879,1.00033549555896,0.897921045646327,1.11443106109057,4054,434,NA,NA,NA,"","","","Surv(tstart, tstop, outcome_status) ~ days0_1 + days1_7 + days7_14 + days14_28 + days28_56 + days56_84 + days84_183 + days183_365 + days365_730 + days730_1065 + days1065_1582 + cov_cat_sex + rms::strat(strat_cat_region) + cluster(patient_id) + rms::rcs(cov_num_age, parms=knot_placement) + cov_cat_ethnicity + cov_cat_imd + cov_num_consrate2019 + cov_bin_hcworker + cov_bin_carehome + cov_bin_ami + cov_bin_dementia + cov_bin_liver_disease + cov_bin_ckd + cov_bin_cancer + cov_bin_hypertension + cov_bin_diabetes + cov_bin_depression + cov_bin_copd + cov_bin_stroke_all + cov_bin_other_ae + cov_bin_vte + cov_bin_hf + cov_bin_angina + cov_bin_lipidmed + cov_bin_antiplatelet + cov_bin_anticoagulant + cov_bin_cocp + cov_bin_hrt","model/model_input-cohort_prevax-main-stroke_sahhs.rds","v0.0.37"
"mdl_max_adj","exp_date","out_date","cov_bin_lipidmed",0.0232104667639624,0.0585539707812695,1.0234819258095,0.91251276268505,1.14794586475308,4054,434,NA,NA,NA,"","","","Surv(tstart, tstop, outcome_status) ~ days0_1 + days1_7 + days7_14 + days14_28 + days28_56 + days56_84 + days84_183 + days183_365 + days365_730 + days730_1065 + days1065_1582 + cov_cat_sex + rms::strat(strat_cat_region) + cluster(patient_id) + rms::rcs(cov_num_age, parms=knot_placement) + cov_cat_ethnicity + cov_cat_imd + cov_num_consrate2019 + cov_bin_hcworker + cov_bin_carehome + cov_bin_ami + cov_bin_dementia + cov_bin_liver_disease + cov_bin_ckd + cov_bin_cancer + cov_bin_hypertension + cov_bin_diabetes + cov_bin_depression + cov_bin_copd + cov_bin_stroke_all + cov_bin_other_ae + cov_bin_vte + cov_bin_hf + cov_bin_angina + cov_bin_lipidmed + cov_bin_antiplatelet + cov_bin_anticoagulant + cov_bin_cocp + cov_bin_hrt","model/model_input-cohort_prevax-main-stroke_sahhs.rds","v0.0.37"
"mdl_max_adj","exp_date","out_date","cov_bin_liver_disease",0.051906934022021,0.0573851280937643,1.05327771363136,0.941231786591567,1.17866178962133,4054,434,NA,NA,NA,"","","","Surv(tstart, tstop, outcome_status) ~ days0_1 + days1_7 + days7_14 + days14_28 + days28_56 + days56_84 + days84_183 + days183_365 + days365_730 + days730_1065 + days1065_1582 + cov_cat_sex + rms::strat(strat_cat_region) + cluster(patient_id) + rms::rcs(cov_num_age, parms=knot_placement) + cov_cat_ethnicity + cov_cat_imd + cov_num_consrate2019 + cov_bin_hcworker + cov_bin_carehome + cov_bin_ami + cov_bin_dementia + cov_bin_liver_disease + cov_bin_ckd + cov_bin_cancer + cov_bin_hypertension + cov_bin_diabetes + cov_bin_depression + cov_bin_copd + cov_bin_stroke_all + cov_bin_other_ae + cov_bin_vte + cov_bin_hf + cov_bin_angina + cov_bin_lipidmed + cov_bin_antiplatelet + cov_bin_anticoagulant + cov_bin_cocp + cov_bin_hrt","model/model_input-cohort_prevax-main-stroke_sahhs.rds","v0.0.37"
"mdl_max_adj","exp_date","out_date","cov_bin_other_ae",-0.0552567489516595,0.0810802997211654,0.946242170077478,0.807210165684026,1.10922072404056,4054,434,NA,NA,NA,"","","","Surv(tstart, tstop, outcome_status) ~ days0_1 + days1_7 + days7_14 + days14_28 + days28_56 + days56_84 + days84_183 + days183_365 + days365_730 + days730_1065 + days1065_1582 + cov_cat_sex + rms::strat(strat_cat_region) + cluster(patient_id) + rms::rcs(cov_num_age, parms=knot_placement) + cov_cat_ethnicity + cov_cat_imd + cov_num_consrate2019 + cov_bin_hcworker + cov_bin_carehome + cov_bin_ami + cov_bin_dementia + cov_bin_liver_disease + cov_bin_ckd + cov_bin_cancer + cov_bin_hypertension + cov_bin_diabetes + cov_bin_depression + cov_bin_copd + cov_bin_stroke_all + cov_bin_other_ae + cov_bin_vte + cov_bin_hf + cov_bin_angina + cov_bin_lipidmed + cov_bin_antiplatelet + cov_bin_anticoagulant + cov_bin_cocp + cov_bin_hrt","model/model_input-cohort_prevax-main-stroke_sahhs.rds","v0.0.37"
"mdl_max_adj","exp_date","out_date","cov_bin_stroke_all",0.0333390715967235,0.0504610174221148,1.03390104629308,0.936540318994841,1.14138318644219,4054,434,NA,NA,NA,"","","","Surv(tstart, tstop, outcome_status) ~ days0_1 + days1_7 + days7_14 + days14_28 + days28_56 + days56_84 + days84_183 + days183_365 + days365_730 + days730_1065 + days1065_1582 + cov_cat_sex + rms::strat(strat_cat_region) + cluster(patient_id) + rms::rcs(cov_num_age, parms=knot_placement) + cov_cat_ethnicity + cov_cat_imd + cov_num_consrate2019 + cov_bin_hcworker + cov_bin_carehome + cov_bin_ami + cov_bin_dementia + cov_bin_liver_disease + cov_bin_ckd + cov_bin_cancer + cov_bin_hypertension + cov_bin_diabetes + cov_bin_depression + cov_bin_copd + cov_bin_stroke_all + cov_bin_other_ae + cov_bin_vte + cov_bin_hf + cov_bin_angina + cov_bin_lipidmed + cov_bin_antiplatelet + cov_bin_anticoagulant + cov_bin_cocp + cov_bin_hrt","model/model_input-cohort_prevax-main-stroke_sahhs.rds","v0.0.37"
"mdl_max_adj","exp_date","out_date","cov_bin_vte",-0.0857996590562876,0.0515622160154222,0.917778081330116,0.82956007783544,1.01537746219398,4054,434,NA,NA,NA,"","","","Surv(tstart, tstop, outcome_status) ~ days0_1 + days1_7 + days7_14 + days14_28 + days28_56 + days56_84 + days84_183 + days183_365 + days365_730 + days730_1065 + days1065_1582 + cov_cat_sex + rms::strat(strat_cat_region) + cluster(patient_id) + rms::rcs(cov_num_age, parms=knot_placement) + cov_cat_ethnicity + cov_cat_imd + cov_num_consrate2019 + cov_bin_hcworker + cov_bin_carehome + cov_bin_ami + cov_bin_dementia + cov_bin_liver_disease + cov_bin_ckd + cov_bin_cancer + cov_bin_hypertension + cov_bin_diabetes + cov_bin_depression + cov_bin_copd + cov_bin_stroke_all + cov_bin_other_ae + cov_bin_vte + cov_bin_hf + cov_bin_angina + cov_bin_lipidmed + cov_bin_antiplatelet + cov_bin_anticoagulant + cov_bin_cocp + cov_bin_hrt","model/model_input-cohort_prevax-main-stroke_sahhs.rds","v0.0.37"
"mdl_max_adj","exp_date","out_date","cov_cat_ethnicity=Asian",0.124539291421198,0.119704780519079,1.13262652209171,0.895764471516742,1.43212069616181,4054,434,NA,NA,NA,"","","","Surv(tstart, tstop, outcome_status) ~ days0_1 + days1_7 + days7_14 + days14_28 + days28_56 + days56_84 + days84_183 + days183_365 + days365_730 + days730_1065 + days1065_1582 + cov_cat_sex + rms::strat(strat_cat_region) + cluster(patient_id) + rms::rcs(cov_num_age, parms=knot_placement) + cov_cat_ethnicity + cov_cat_imd + cov_num_consrate2019 + cov_bin_hcworker + cov_bin_carehome + cov_bin_ami + cov_bin_dementia + cov_bin_liver_disease + cov_bin_ckd + cov_bin_cancer + cov_bin_hypertension + cov_bin_diabetes + cov_bin_depression + cov_bin_copd + cov_bin_stroke_all + cov_bin_other_ae + cov_bin_vte + cov_bin_hf + cov_bin_angina + cov_bin_lipidmed + cov_bin_antiplatelet + cov_bin_anticoagulant + cov_bin_cocp + cov_bin_hrt","model/model_input-cohort_prevax-main-stroke_sahhs.rds","v0.0.37"
"mdl_max_adj","exp_date","out_date","cov_cat_ethnicity=Black",-0.0842040021653401,0.127761623467269,0.919243709258631,0.71561556059064,1.18081417390383,4054,434,NA,NA,NA,"","","","Surv(tstart, tstop, outcome_status) ~ days0_1 + days1_7 + days7_14 + days14_28 + days28_56 + days56_84 + days84_183 + days183_365 + days365_730 + days730_1065 + days1065_1582 + cov_cat_sex + rms::strat(strat_cat_region) + cluster(patient_id) + rms::rcs(cov_num_age, parms=knot_placement) + cov_cat_ethnicity + cov_cat_imd + cov_num_consrate2019 + cov_bin_hcworker + cov_bin_carehome + cov_bin_ami + cov_bin_dementia + cov_bin_liver_disease + cov_bin_ckd + cov_bin_cancer + cov_bin_hypertension + cov_bin_diabetes + cov_bin_depression + cov_bin_copd + cov_bin_stroke_all + cov_bin_other_ae + cov_bin_vte + cov_bin_hf + cov_bin_angina + cov_bin_lipidmed + cov_bin_antiplatelet + cov_bin_anticoagulant + cov_bin_cocp + cov_bin_hrt","model/model_input-cohort_prevax-main-stroke_sahhs.rds","v0.0.37"
"mdl_max_adj","exp_date","out_date","cov_cat_ethnicity=Missing",0.0603318753664094,0.0872786111725814,1.06218900242079,0.8951794668826,1.26035674253421,4054,434,NA,NA,NA,"","","","Surv(tstart, tstop, outcome_status) ~ days0_1 + days1_7 + days7_14 + days14_28 + days28_56 + days56_84 + days84_183 + days183_365 + days365_730 + days730_1065 + days1065_1582 + cov_cat_sex + rms::strat(strat_cat_region) + cluster(patient_id) + rms::rcs(cov_num_age, parms=knot_placement) + cov_cat_ethnicity + cov_cat_imd + cov_num_consrate2019 + cov_bin_hcworker + cov_bin_carehome + cov_bin_ami + cov_bin_dementia + cov_bin_liver_disease + cov_bin_ckd + cov_bin_cancer + cov_bin_hypertension + cov_bin_diabetes + cov_bin_depression + cov_bin_copd + cov_bin_stroke_all + cov_bin_other_ae + cov_bin_vte + cov_bin_hf + cov_bin_angina + cov_bin_lipidmed + cov_bin_antiplatelet + cov_bin_anticoagulant + cov_bin_cocp + cov_bin_hrt","model/model_input-cohort_prevax-main-stroke_sahhs.rds","v0.0.37"
"mdl_max_adj","exp_date","out_date","cov_cat_ethnicity=Mixed",0.173779790642797,0.150931370757173,1.18979353330124,0.885112732988642,1.59935406996751,4054,434,NA,NA,NA,"","","","Surv(tstart, tstop, outcome_status) ~ days0_1 + days1_7 + days7_14 + days14_28 + days28_56 + days56_84 + days84_183 + days183_365 + days365_730 + days730_1065 + days1065_1582 + cov_cat_sex + rms::strat(strat_cat_region) + cluster(patient_id) + rms::rcs(cov_num_age, parms=knot_placement) + cov_cat_ethnicity + cov_cat_imd + cov_num_consrate2019 + cov_bin_hcworker + cov_bin_carehome + cov_bin_ami + cov_bin_dementia + cov_bin_liver_disease + cov_bin_ckd + cov_bin_cancer + cov_bin_hypertension + cov_bin_diabetes + cov_bin_depression + cov_bin_copd + cov_bin_stroke_all + cov_bin_other_ae + cov_bin_vte + cov_bin_hf + cov_bin_angina + cov_bin_lipidmed + cov_bin_antiplatelet + cov_bin_anticoagulant + cov_bin_cocp + cov_bin_hrt","model/model_input-cohort_prevax-main-stroke_sahhs.rds","v0.0.37"
"mdl_max_adj","exp_date","out_date","cov_cat_ethnicity=Other",0.0949454028915691,0.112107320083138,1.09959881857128,0.882690272771328,1.36980954599982,4054,434,NA,NA,NA,"","","","Surv(tstart, tstop, outcome_status) ~ days0_1 + days1_7 + days7_14 + days14_28 + days28_56 + days56_84 + days84_183 + days183_365 + days365_730 + days730_1065 + days1065_1582 + cov_cat_sex + rms::strat(strat_cat_region) + cluster(patient_id) + rms::rcs(cov_num_age, parms=knot_placement) + cov_cat_ethnicity + cov_cat_imd + cov_num_consrate2019 + cov_bin_hcworker + cov_bin_carehome + cov_bin_ami + cov_bin_dementia + cov_bin_liver_disease + cov_bin_ckd + cov_bin_cancer + cov_bin_hypertension + cov_bin_diabetes + cov_bin_depression + cov_bin_copd + cov_bin_stroke_all + cov_bin_other_ae + cov_bin_vte + cov_bin_hf + cov_bin_angina + cov_bin_lipidmed + cov_bin_antiplatelet + cov_bin_anticoagulant + cov_bin_cocp + cov_bin_hrt","model/model_input-cohort_prevax-main-stroke_sahhs.rds","v0.0.37"
"mdl_max_adj","exp_date","out_date","cov_cat_imd=2",-0.0817156408664097,0.0724069473097335,0.921533968042935,0.799610416082762,1.06204826397491,4054,434,NA,NA,NA,"","","","Surv(tstart, tstop, outcome_status) ~ days0_1 + days1_7 + days7_14 + days14_28 + days28_56 + days56_84 + days84_183 + days183_365 + days365_730 + days730_1065 + days1065_1582 + cov_cat_sex + rms::strat(strat_cat_region) + cluster(patient_id) + rms::rcs(cov_num_age, parms=knot_placement) + cov_cat_ethnicity + cov_cat_imd + cov_num_consrate2019 + cov_bin_hcworker + cov_bin_carehome + cov_bin_ami + cov_bin_dementia + cov_bin_liver_disease + cov_bin_ckd + cov_bin_cancer + cov_bin_hypertension + cov_bin_diabetes + cov_bin_depression + cov_bin_copd + cov_bin_stroke_all + cov_bin_other_ae + cov_bin_vte + cov_bin_hf + cov_bin_angina + cov_bin_lipidmed + cov_bin_antiplatelet + cov_bin_anticoagulant + cov_bin_cocp + cov_bin_hrt","model/model_input-cohort_prevax-main-stroke_sahhs.rds","v0.0.37"
"mdl_max_adj","exp_date","out_date","cov_cat_imd=3",-0.142720359360485,0.074255791236661,0.866996482450378,0.749567402276458,1.00282229229612,4054,434,NA,NA,NA,"","","","Surv(tstart, tstop, outcome_status) ~ days0_1 + days1_7 + days7_14 + days14_28 + days28_56 + days56_84 + days84_183 + days183_365 + days365_730 + days730_1065 + days1065_1582 + cov_cat_sex + rms::strat(strat_cat_region) + cluster(patient_id) + rms::rcs(cov_num_age, parms=knot_placement) + cov_cat_ethnicity + cov_cat_imd + cov_num_consrate2019 + cov_bin_hcworker + cov_bin_carehome + cov_bin_ami + cov_bin_dementia + cov_bin_liver_disease + cov_bin_ckd + cov_bin_cancer + cov_bin_hypertension + cov_bin_diabetes + cov_bin_depression + cov_bin_copd + cov_bin_stroke_all + cov_bin_other_ae + cov_bin_vte + cov_bin_hf + cov_bin_angina + cov_bin_lipidmed + cov_bin_antiplatelet + cov_bin_anticoagulant + cov_bin_cocp + cov_bin_hrt","model/model_input-cohort_prevax-main-stroke_sahhs.rds","v0.0.37"
"mdl_max_adj","exp_date","out_date","cov_cat_imd=4",0.049541539175253,0.0720025241565429,1.05078924022667,0.912487570518778,1.21005267693498,4054,434,NA,NA,NA,"","","","Surv(tstart, tstop, outcome_status) ~ days0_1 + days1_7 + days7_14 + days14_28 + days28_56 + days56_84 + days84_183 + days183_365 + days365_730 + days730_1065 + days1065_1582 + cov_cat_sex + rms::strat(strat_cat_region) + cluster(patient_id) + rms::rcs(cov_num_age, parms=knot_placement) + cov_cat_ethnicity + cov_cat_imd + cov_num_consrate2019 + cov_bin_hcworker + cov_bin_carehome + cov_bin_ami + cov_bin_dementia + cov_bin_liver_disease + cov_bin_ckd + cov_bin_cancer + cov_bin_hypertension + cov_bin_diabetes + cov_bin_depression + cov_bin_copd + cov_bin_stroke_all + cov_bin_other_ae + cov_bin_vte + cov_bin_hf + cov_bin_angina + cov_bin_lipidmed + cov_bin_antiplatelet + cov_bin_anticoagulant + cov_bin_cocp + cov_bin_hrt","model/model_input-cohort_prevax-main-stroke_sahhs.rds","v0.0.37"
"mdl_max_adj","exp_date","out_date","cov_cat_imd=5 (least deprived)",0.0259175730253686,0.0704502040018819,1.02625635378061,0.893899175258304,1.17821129365147,4054,434,NA,NA,NA,"","","","Surv(tstart, tstop, outcome_status) ~ days0_1 + days1_7 + days7_14 + days14_28 + days28_56 + days56_84 + days84_183 + days183_365 + days365_730 + days730_1065 + days1065_1582 + cov_cat_sex + rms::strat(strat_cat_region) + cluster(patient_id) + rms::rcs(cov_num_age, parms=knot_placement) + cov_cat_ethnicity + cov_cat_imd + cov_num_consrate2019 + cov_bin_hcworker + cov_bin_carehome + cov_bin_ami + cov_bin_dementia + cov_bin_liver_disease + cov_bin_ckd + cov_bin_cancer + cov_bin_hypertension + cov_bin_diabetes + cov_bin_depression + cov_bin_copd + cov_bin_stroke_all + cov_bin_other_ae + cov_bin_vte + cov_bin_hf + cov_bin_angina + cov_bin_lipidmed + cov_bin_antiplatelet + cov_bin_anticoagulant + cov_bin_cocp + cov_bin_hrt","model/model_input-cohort_prevax-main-stroke_sahhs.rds","v0.0.37"
"mdl_max_adj","exp_date","out_date","cov_cat_sex=Male",-0.0792926329100801,0.0455488211025357,0.923769559513734,0.844874923751987,1.01003139647532,4054,434,NA,NA,NA,"","","","Surv(tstart, tstop, outcome_status) ~ days0_1 + days1_7 + days7_14 + days14_28 + days28_56 + days56_84 + days84_183 + days183_365 + days365_730 + days730_1065 + days1065_1582 + cov_cat_sex + rms::strat(strat_cat_region) + cluster(patient_id) + rms::rcs(cov_num_age, parms=knot_placement) + cov_cat_ethnicity + cov_cat_imd + cov_num_consrate2019 + cov_bin_hcworker + cov_bin_carehome + cov_bin_ami + cov_bin_dementia + cov_bin_liver_disease + cov_bin_ckd + cov_bin_cancer + cov_bin_hypertension + cov_bin_diabetes + cov_bin_depression + cov_bin_copd + cov_bin_stroke_all + cov_bin_other_ae + cov_bin_vte + cov_bin_hf + cov_bin_angina + cov_bin_lipidmed + cov_bin_antiplatelet + cov_bin_anticoagulant + cov_bin_cocp + cov_bin_hrt","model/model_input-cohort_prevax-main-stroke_sahhs.rds","v0.0.37"
"mdl_max_adj","exp_date","out_date","cov_num_age",-0.0020502207923078,0.00234573653531395,0.997951879474758,0.99337426768725,1.00255058555709,4054,434,NA,NA,NA,"","","","Surv(tstart, tstop, outcome_status) ~ days0_1 + days1_7 + days7_14 + days14_28 + days28_56 + days56_84 + days84_183 + days183_365 + days365_730 + days730_1065 + days1065_1582 + cov_cat_sex + rms::strat(strat_cat_region) + cluster(patient_id) + rms::rcs(cov_num_age, parms=knot_placement) + cov_cat_ethnicity + cov_cat_imd + cov_num_consrate2019 + cov_bin_hcworker + cov_bin_carehome + cov_bin_ami + cov_bin_dementia + cov_bin_liver_disease + cov_bin_ckd + cov_bin_cancer + cov_bin_hypertension + cov_bin_diabetes + cov_bin_depression + cov_bin_copd + cov_bin_stroke_all + cov_bin_other_ae + cov_bin_vte + cov_bin_hf + cov_bin_angina + cov_bin_lipidmed + cov_bin_antiplatelet + cov_bin_anticoagulant + cov_bin_cocp + cov_bin_hrt","model/model_input-cohort_prevax-main-stroke_sahhs.rds","v0.0.37"
"mdl_max_adj","exp_date","out_date","cov_num_age'",0.00346955656464709,0.00300671315515847,1.00347558244305,0.9975794413568,1.00940657236266,4054,434,NA,NA,NA,"","","","Surv(tstart, tstop, outcome_status) ~ days0_1 + days1_7 + days7_14 + days14_28 + days28_56 + days56_84 + days84_183 + days183_365 + days365_730 + days730_1065 + days1065_1582 + cov_cat_sex + rms::strat(strat_cat_region) + cluster(patient_id) + rms::rcs(cov_num_age, parms=knot_placement) + cov_cat_ethnicity + cov_cat_imd + cov_num_consrate2019 + cov_bin_hcworker + cov_bin_carehome + cov_bin_ami + cov_bin_dementia + cov_bin_liver_disease + cov_bin_ckd + cov_bin_cancer + cov_bin_hypertension + cov_bin_diabetes + cov_bin_depression + cov_bin_copd + cov_bin_stroke_all + cov_bin_other_ae + cov_bin_vte + cov_bin_hf + cov_bin_angina + cov_bin_lipidmed + cov_bin_antiplatelet + cov_bin_anticoagulant + cov_bin_cocp + cov_bin_hrt","model/model_input-cohort_prevax-main-stroke_sahhs.rds","v0.0.37"
"mdl_max_adj","exp_date","out_date","cov_num_consrate2019",0.179366885116328,0.104854979161799,1.19645962688258,0.974193726142195,1.46943631471413,4054,434,NA,NA,NA,"","","","Surv(tstart, tstop, outcome_status) ~ days0_1 + days1_7 + days7_14 + days14_28 + days28_56 + days56_84 + days84_183 + days183_365 + days365_730 + days730_1065 + days1065_1582 + cov_cat_sex + rms::strat(strat_cat_region) + cluster(patient_id) + rms::rcs(cov_num_age, parms=knot_placement) + cov_cat_ethnicity + cov_cat_imd + cov_num_consrate2019 + cov_bin_hcworker + cov_bin_carehome + cov_bin_ami + cov_bin_dementia + cov_bin_liver_disease + cov_bin_ckd + cov_bin_cancer + cov_bin_hypertension + cov_bin_diabetes + cov_bin_depression + cov_bin_copd + cov_bin_stroke_all + cov_bin_other_ae + cov_bin_vte + cov_bin_hf + cov_bin_angina + cov_bin_lipidmed + cov_bin_antiplatelet + cov_bin_anticoagulant + cov_bin_cocp + cov_bin_hrt","model/model_input-cohort_prevax-main-stroke_sahhs.rds","v0.0.37"
"mdl_max_adj","exp_date","out_date","days0_1",-2.00689342033571,0.0857155441344683,0.134405568382261,0.113620333145535,0.158993168846104,4054,434,0,434,NA,"","","","Surv(tstart, tstop, outcome_status) ~ days0_1 + days1_7 + days7_14 + days14_28 + days28_56 + days56_84 + days84_183 + days183_365 + days365_730 + days730_1065 + days1065_1582 + cov_cat_sex + rms::strat(strat_cat_region) + cluster(patient_id) + rms::rcs(cov_num_age, parms=knot_placement) + cov_cat_ethnicity + cov_cat_imd + cov_num_consrate2019 + cov_bin_hcworker + cov_bin_carehome + cov_bin_ami + cov_bin_dementia + cov_bin_liver_disease + cov_bin_ckd + cov_bin_cancer + cov_bin_hypertension + cov_bin_diabetes + cov_bin_depression + cov_bin_copd + cov_bin_stroke_all + cov_bin_other_ae + cov_bin_vte + cov_bin_hf + cov_bin_angina + cov_bin_lipidmed + cov_bin_antiplatelet + cov_bin_anticoagulant + cov_bin_cocp + cov_bin_hrt","model/model_input-cohort_prevax-main-stroke_sahhs.rds","v0.0.37"
"mdl_max_adj","exp_date","out_date","days1_7",0.126637774902999,1.00194631740918,1.13500581572043,0.159272147301678,8.08828300204394,4054,434,1,2599,2,"","","","Surv(tstart, tstop, outcome_status) ~ days0_1 + days1_7 + days7_14 + days14_28 + days28_56 + days56_84 + days84_183 + days183_365 + days365_730 + days730_1065 + days1065_1582 + cov_cat_sex + rms::strat(strat_cat_region) + cluster(patient_id) + rms::rcs(cov_num_age, parms=knot_placement) + cov_cat_ethnicity + cov_cat_imd + cov_num_consrate2019 + cov_bin_hcworker + cov_bin_carehome + cov_bin_ami + cov_bin_dementia + cov_bin_liver_disease + cov_bin_ckd + cov_bin_cancer + cov_bin_hypertension + cov_bin_diabetes + cov_bin_depression + cov_bin_copd + cov_bin_stroke_all + cov_bin_other_ae + cov_bin_vte + cov_bin_hf + cov_bin_angina + cov_bin_lipidmed + cov_bin_antiplatelet + cov_bin_anticoagulant + cov_bin_cocp + cov_bin_hrt","model/model_input-cohort_prevax-main-stroke_sahhs.rds","v0.0.37"
"mdl_max_adj","exp_date","out_date","days1065_1582",0.0815355147996146,0.155147234471756,1.08495174874373,0.8004770015486,1.4705235688531,4054,434,45,73779,1285,"","","","Surv(tstart, tstop, outcome_status) ~ days0_1 + days1_7 + days7_14 + days14_28 + days28_56 + days56_84 + days84_183 + days183_365 + days365_730 + days730_1065 + days1065_1582 + cov_cat_sex + rms::strat(strat_cat_region) + cluster(patient_id) + rms::rcs(cov_num_age, parms=knot_placement) + cov_cat_ethnicity + cov_cat_imd + cov_num_consrate2019 + cov_bin_hcworker + cov_bin_carehome + cov_bin_ami + cov_bin_dementia + cov_bin_liver_disease + cov_bin_ckd + cov_bin_cancer + cov_bin_hypertension + cov_bin_diabetes + cov_bin_depression + cov_bin_copd + cov_bin_stroke_all + cov_bin_other_ae + cov_bin_vte + cov_bin_hf + cov_bin_angina + cov_bin_lipidmed + cov_bin_antiplatelet + cov_bin_anticoagulant + cov_bin_cocp + cov_bin_hrt","model/model_input-cohort_prevax-main-stroke_sahhs.rds","v0.0.37"
"mdl_max_adj","exp_date","out_date","days14_28",0.942482551974735,0.409896290197446,2.56634460045174,1.14923969137368,5.7308537615817,4054,434,5,6004,18,"","","","Surv(tstart, tstop, outcome_status) ~ days0_1 + days1_7 + days7_14 + days14_28 + days28_56 + days56_84 + days84_183 + days183_365 + days365_730 + days730_1065 + days1065_1582 + cov_cat_sex + rms::strat(strat_cat_region) + cluster(patient_id) + rms::rcs(cov_num_age, parms=knot_placement) + cov_cat_ethnicity + cov_cat_imd + cov_num_consrate2019 + cov_bin_hcworker + cov_bin_carehome + cov_bin_ami + cov_bin_dementia + cov_bin_liver_disease + cov_bin_ckd + cov_bin_cancer + cov_bin_hypertension + cov_bin_diabetes + cov_bin_depression + cov_bin_copd + cov_bin_stroke_all + cov_bin_other_ae + cov_bin_vte + cov_bin_hf + cov_bin_angina + cov_bin_lipidmed + cov_bin_antiplatelet + cov_bin_anticoagulant + cov_bin_cocp + cov_bin_hrt","model/model_input-cohort_prevax-main-stroke_sahhs.rds","v0.0.37"
"mdl_max_adj","exp_date","out_date","days183_365",0.167256956144378,0.184197728311459,1.18205796334485,0.823852345585457,1.69600904360359,4054,434,31,70119,274,"","","","Surv(tstart, tstop, outcome_status) ~ days0_1 + days1_7 + days7_14 + days14_28 + days28_56 + days56_84 + days84_183 + days183_365 + days365_730 + days730_1065 + days1065_1582 + cov_cat_sex + rms::strat(strat_cat_region) + cluster(patient_id) + rms::rcs(cov_num_age, parms=knot_placement) + cov_cat_ethnicity + cov_cat_imd + cov_num_consrate2019 + cov_bin_hcworker + cov_bin_carehome + cov_bin_ami + cov_bin_dementia + cov_bin_liver_disease + cov_bin_ckd + cov_bin_cancer + cov_bin_hypertension + cov_bin_diabetes + cov_bin_depression + cov_bin_copd + cov_bin_stroke_all + cov_bin_other_ae + cov_bin_vte + cov_bin_hf + cov_bin_angina + cov_bin_lipidmed + cov_bin_antiplatelet + cov_bin_anticoagulant + cov_bin_cocp + cov_bin_hrt","model/model_input-cohort_prevax-main-stroke_sahhs.rds","v0.0.37"
"mdl_max_adj","exp_date","out_date","days28_56",-0.0425857860783261,0.503020866161819,0.958308252487822,0.357546960573367,2.56848696270156,4054,434,4,11907,44.5,"","","","Surv(tstart, tstop, outcome_status) ~ days0_1 + days1_7 + days7_14 + days14_28 + days28_56 + days56_84 + days84_183 + days183_365 + days365_730 + days730_1065 + days1065_1582 + cov_cat_sex + rms::strat(strat_cat_region) + cluster(patient_id) + rms::rcs(cov_num_age, parms=knot_placement) + cov_cat_ethnicity + cov_cat_imd + cov_num_consrate2019 + cov_bin_hcworker + cov_bin_carehome + cov_bin_ami + cov_bin_dementia + cov_bin_liver_disease + cov_bin_ckd + cov_bin_cancer + cov_bin_hypertension + cov_bin_diabetes + cov_bin_depression + cov_bin_copd + cov_bin_stroke_all + cov_bin_other_ae + cov_bin_vte + cov_bin_hf + cov_bin_angina + cov_bin_lipidmed + cov_bin_antiplatelet + cov_bin_anticoagulant + cov_bin_cocp + cov_bin_hrt","model/model_input-cohort_prevax-main-stroke_sahhs.rds","v0.0.37"
"mdl_max_adj","exp_date","out_date","days365_730",0.122403885900611,0.141771352433628,1.13021048569049,0.856018869813397,1.49222848585475,4054,434,55,120707,521,"","","","Surv(tstart, tstop, outcome_status) ~ days0_1 + days1_7 + days7_14 + days14_28 + days28_56 + days56_84 + days84_183 + days183_365 + days365_730 + days730_1065 + days1065_1582 + cov_cat_sex + rms::strat(strat_cat_region) + cluster(patient_id) + rms::rcs(cov_num_age, parms=knot_placement) + cov_cat_ethnicity + cov_cat_imd + cov_num_consrate2019 + cov_bin_hcworker + cov_bin_carehome + cov_bin_ami + cov_bin_dementia + cov_bin_liver_disease + cov_bin_ckd + cov_bin_cancer + cov_bin_hypertension + cov_bin_diabetes + cov_bin_depression + cov_bin_copd + cov_bin_stroke_all + cov_bin_other_ae + cov_bin_vte + cov_bin_hf + cov_bin_angina + cov_bin_lipidmed + cov_bin_antiplatelet + cov_bin_anticoagulant + cov_bin_cocp + cov_bin_hrt","model/model_input-cohort_prevax-main-stroke_sahhs.rds","v0.0.37"
"mdl_max_adj","exp_date","out_date","days56_84",0.365711657376418,0.408012696513485,1.44153952543414,0.647926164350777,3.20721143507313,4054,434,6,11737,75,"","","","Surv(tstart, tstop, outcome_status) ~ days0_1 + days1_7 + days7_14 + days14_28 + days28_56 + days56_84 + days84_183 + days183_365 + days365_730 + days730_1065 + days1065_1582 + cov_cat_sex + rms::strat(strat_cat_region) + cluster(patient_id) + rms::rcs(cov_num_age, parms=knot_placement) + cov_cat_ethnicity + cov_cat_imd + cov_num_consrate2019 + cov_bin_hcworker + cov_bin_carehome + cov_bin_ami + cov_bin_dementia + cov_bin_liver_disease + cov_bin_ckd + cov_bin_cancer + cov_bin_hypertension + cov_bin_diabetes + cov_bin_depression + cov_bin_copd + cov_bin_stroke_all + cov_bin_other_ae + cov_bin_vte + cov_bin_hf + cov_bin_angina + cov_bin_lipidmed + cov_bin_antiplatelet + cov_bin_anticoagulant + cov_bin_cocp + cov_bin_hrt","model/model_input-cohort_prevax-main-stroke_sahhs.rds","v0.0.37"
"mdl_max_adj","exp_date","out_date","days7_14",-0.0285277313789943,1.00230752917923,0.971875342328979,0.136283992542678,6.93068689436351,4054,434,1,3029,12,"","","","Surv(tstart, tstop, outcome_status) ~ days0_1 + days1_7 + days7_14 + days14_28 + days28_56 + days56_84 + days84_183 + days183_365 + days365_730 + days730_1065 + days1065_1582 + cov_cat_sex + rms::strat(strat_cat_region) + cluster(patient_id) + rms::rcs(cov_num_age, parms=knot_placement) + cov_cat_ethnicity + cov_cat_imd + cov_num_consrate2019 + cov_bin_hcworker + cov_bin_carehome + cov_bin_ami + cov_bin_dementia + cov_bin_liver_disease + cov_bin_ckd + cov_bin_cancer + cov_bin_hypertension + cov_bin_diabetes + cov_bin_depression + cov_bin_copd + cov_bin_stroke_all + cov_bin_other_ae + cov_bin_vte + cov_bin_hf + cov_bin_angina + cov_bin_lipidmed + cov_bin_antiplatelet + cov_bin_anticoagulant + cov_bin_cocp + cov_bin_hrt","model/model_input-cohort_prevax-main-stroke_sahhs.rds","v0.0.37"
"mdl_max_adj","exp_date","out_date","days730_1065",-0.0434507793076764,0.154765011897187,0.957479680743926,0.706957570238726,1.2967784455974,4054,434,44,94966,931,"","","","Surv(tstart, tstop, outcome_status) ~ days0_1 + days1_7 + days7_14 + days14_28 + days28_56 + days56_84 + days84_183 + days183_365 + days365_730 + days730_1065 + days1065_1582 + cov_cat_sex + rms::strat(strat_cat_region) + cluster(patient_id) + rms::rcs(cov_num_age, parms=knot_placement) + cov_cat_ethnicity + cov_cat_imd + cov_num_consrate2019 + cov_bin_hcworker + cov_bin_carehome + cov_bin_ami + cov_bin_dementia + cov_bin_liver_disease + cov_bin_ckd + cov_bin_cancer + cov_bin_hypertension + cov_bin_diabetes + cov_bin_depression + cov_bin_copd + cov_bin_stroke_all + cov_bin_other_ae + cov_bin_vte + cov_bin_hf + cov_bin_angina + cov_bin_lipidmed + cov_bin_antiplatelet + cov_bin_anticoagulant + cov_bin_cocp + cov_bin_hrt","model/model_input-cohort_prevax-main-stroke_sahhs.rds","v0.0.37"
"mdl_max_adj","exp_date","out_date","days84_183",-0.298891770887584,0.303895486776237,0.741639672094997,0.408805420748208,1.345455258931,4054,434,11,40451,120,"","","","Surv(tstart, tstop, outcome_status) ~ days0_1 + days1_7 + days7_14 + days14_28 + days28_56 + days56_84 + days84_183 + days183_365 + days365_730 + days730_1065 + days1065_1582 + cov_cat_sex + rms::strat(strat_cat_region) + cluster(patient_id) + rms::rcs(cov_num_age, parms=knot_placement) + cov_cat_ethnicity + cov_cat_imd + cov_num_consrate2019 + cov_bin_hcworker + cov_bin_carehome + cov_bin_ami + cov_bin_dementia + cov_bin_liver_disease + cov_bin_ckd + cov_bin_cancer + cov_bin_hypertension + cov_bin_diabetes + cov_bin_depression + cov_bin_copd + cov_bin_stroke_all + cov_bin_other_ae + cov_bin_vte + cov_bin_hf + cov_bin_angina + cov_bin_lipidmed + cov_bin_antiplatelet + cov_bin_anticoagulant + cov_bin_cocp + cov_bin_hrt","model/model_input-cohort_prevax-main-stroke_sahhs.rds","v0.0.37"
"mdl_max_adj","exp_date","out_date","days_pre",NA,NA,NA,NA,NA,4054,434,1766,4213874,766,"","","","Surv(tstart, tstop, outcome_status) ~ days0_1 + days1_7 + days7_14 + days14_28 + days28_56 + days56_84 + days84_183 + days183_365 + days365_730 + days730_1065 + days1065_1582 + cov_cat_sex + rms::strat(strat_cat_region) + cluster(patient_id) + rms::rcs(cov_num_age, parms=knot_placement) + cov_cat_ethnicity + cov_cat_imd + cov_num_consrate2019 + cov_bin_hcworker + cov_bin_carehome + cov_bin_ami + cov_bin_dementia + cov_bin_liver_disease + cov_bin_ckd + cov_bin_cancer + cov_bin_hypertension + cov_bin_diabetes + cov_bin_depression + cov_bin_copd + cov_bin_stroke_all + cov_bin_other_ae + cov_bin_vte + cov_bin_hf + cov_bin_angina + cov_bin_lipidmed + cov_bin_antiplatelet + cov_bin_anticoagulant + cov_bin_cocp + cov_bin_hrt","model/model_input-cohort_prevax-main-stroke_sahhs.rds","v0.0.37"
