name,cohort,outcome,analysis,error,model,term,lnhr,se_lnhr,hr,conf_low,conf_high,N_total,N_exposed,N_events,person_time_total,outcome_time_median,strata_warning,surv_formula,source
cohort_prevax-main-ami,prevax,ami,main,,mdl_age_sex,cov_cat_sex=Male,-0.0564968827173973,0.0455165763763653,0.945069430539049,0.864410304776755,1.03325495265824,4054,448,NA,NA,NA,NA,"Surv(tstart, tstop, outcome_status) ~ days0_1 + days1_7 + days7_14 + days14_28 + days28_56 + days56_84 + days84_183 + days183_365 + days365_730 + days730_1065 + days1065_1582 + cov_cat_sex + rms::strat(strat_cat_region) + cluster(patient_id) + rms::rcs(cov_num_age, parms=knot_placement)",R
cohort_prevax-main-ami,prevax,ami,main,,mdl_age_sex,cov_num_age,-0.00319994000373467,0.00231189228043289,0.996805174347619,0.992298642983466,1.0013321721561,4054,448,NA,NA,NA,NA,"Surv(tstart, tstop, outcome_status) ~ days0_1 + days1_7 + days7_14 + days14_28 + days28_56 + days56_84 + days84_183 + days183_365 + days365_730 + days730_1065 + days1065_1582 + cov_cat_sex + rms::strat(strat_cat_region) + cluster(patient_id) + rms::rcs(cov_num_age, parms=knot_placement)",R
cohort_prevax-main-ami,prevax,ami,main,,mdl_age_sex,cov_num_age',0.00239633401348671,0.00301973129021189,1.00239920751667,0.996483965219282,1.00834956336597,4054,448,NA,NA,NA,NA,"Surv(tstart, tstop, outcome_status) ~ days0_1 + days1_7 + days7_14 + days14_28 + days28_56 + days56_84 + days84_183 + days183_365 + days365_730 + days730_1065 + days1065_1582 + cov_cat_sex + rms::strat(strat_cat_region) + cluster(patient_id) + rms::rcs(cov_num_age, parms=knot_placement)",R
cohort_prevax-main-ami,prevax,ami,main,,mdl_age_sex,days0_1,-2.02006968352372,0.088135652790634,0.13264622150194,0.111602437402717,0.157658026905365,4054,448,0,448,NA,NA,"Surv(tstart, tstop, outcome_status) ~ days0_1 + days1_7 + days7_14 + days14_28 + days28_56 + days56_84 + days84_183 + days183_365 + days365_730 + days730_1065 + days1065_1582 + cov_cat_sex + rms::strat(strat_cat_region) + cluster(patient_id) + rms::rcs(cov_num_age, parms=knot_placement)",R
cohort_prevax-main-ami,prevax,ami,main,,mdl_age_sex,days1_7,0.164599052595973,1.00262025860106,1.17892033888837,0.165216169487344,8.41233137021217,4054,448,1,2683,2,NA,"Surv(tstart, tstop, outcome_status) ~ days0_1 + days1_7 + days7_14 + days14_28 + days28_56 + days56_84 + days84_183 + days183_365 + days365_730 + days730_1065 + days1065_1582 + cov_cat_sex + rms::strat(strat_cat_region) + cluster(patient_id) + rms::rcs(cov_num_age, parms=knot_placement)",R
cohort_prevax-main-ami,prevax,ami,main,,mdl_age_sex,days1065_1582,0.0493003651897684,0.147433906619656,1.05053584775477,0.786891597177596,1.40251283833285,4054,448,50,83063,1245.5,NA,"Surv(tstart, tstop, outcome_status) ~ days0_1 + days1_7 + days7_14 + days14_28 + days28_56 + days56_84 + days84_183 + days183_365 + days365_730 + days730_1065 + days1065_1582 + cov_cat_sex + rms::strat(strat_cat_region) + cluster(patient_id) + rms::rcs(cov_num_age, parms=knot_placement)",R
cohort_prevax-main-ami,prevax,ami,main,,mdl_age_sex,days14_28,-0.680814368531619,0.9869430645953,0.506204587377038,0.0731540907783969,3.5027854430969,4054,448,1,6250,20,NA,"Surv(tstart, tstop, outcome_status) ~ days0_1 + days1_7 + days7_14 + days14_28 + days28_56 + days56_84 + days84_183 + days183_365 + days365_730 + days730_1065 + days1065_1582 + cov_cat_sex + rms::strat(strat_cat_region) + cluster(patient_id) + rms::rcs(cov_num_age, parms=knot_placement)",R
cohort_prevax-main-ami,prevax,ami,main,,mdl_age_sex,days183_365,-0.0781494801665332,0.205284035960215,0.924826173040358,0.618474821315676,1.38292363870367,4054,448,25,74246,255,NA,"Surv(tstart, tstop, outcome_status) ~ days0_1 + days1_7 + days7_14 + days14_28 + days28_56 + days56_84 + days84_183 + days183_365 + days365_730 + days730_1065 + days1065_1582 + cov_cat_sex + rms::strat(strat_cat_region) + cluster(patient_id) + rms::rcs(cov_num_age, parms=knot_placement)",R
cohort_prevax-main-ami,prevax,ami,main,,mdl_age_sex,days28_56,0.71258602143483,0.343369736671368,2.03925801067156,1.04038798301825,3.99713693541884,4054,448,8,12369,42,NA,"Surv(tstart, tstop, outcome_status) ~ days0_1 + days1_7 + days7_14 + days14_28 + days28_56 + days56_84 + days84_183 + days183_365 + days365_730 + days730_1065 + days1065_1582 + cov_cat_sex + rms::strat(strat_cat_region) + cluster(patient_id) + rms::rcs(cov_num_age, parms=knot_placement)",R
cohort_prevax-main-ami,prevax,ami,main,,mdl_age_sex,days365_730,-0.201605341142928,0.150443400289302,0.817417465334551,0.60867611268278,1.09774525188602,4054,448,47,134724,539,NA,"Surv(tstart, tstop, outcome_status) ~ days0_1 + days1_7 + days7_14 + days14_28 + days28_56 + days56_84 + days84_183 + days183_365 + days365_730 + days730_1065 + days1065_1582 + cov_cat_sex + rms::strat(strat_cat_region) + cluster(patient_id) + rms::rcs(cov_num_age, parms=knot_placement)",R
cohort_prevax-main-ami,prevax,ami,main,,mdl_age_sex,days56_84,-0.0155295705840941,0.501583661478723,0.984590391408289,0.368389129518126,2.63150609281436,4054,448,4,12162,74.5,NA,"Surv(tstart, tstop, outcome_status) ~ days0_1 + days1_7 + days7_14 + days14_28 + days28_56 + days56_84 + days84_183 + days183_365 + days365_730 + days730_1065 + days1065_1582 + cov_cat_sex + rms::strat(strat_cat_region) + cluster(patient_id) + rms::rcs(cov_num_age, parms=knot_placement)",R
cohort_prevax-main-ami,prevax,ami,main,,mdl_age_sex,days7_14,-2.01920482020691,0.0663106578867026,0.132760991976264,0.116580725702118,0.151186921203058,4054,448,0,3129,NA,NA,"Surv(tstart, tstop, outcome_status) ~ days0_1 + days1_7 + days7_14 + days14_28 + days28_56 + days56_84 + days84_183 + days183_365 + days365_730 + days730_1065 + days1065_1582 + cov_cat_sex + rms::strat(strat_cat_region) + cluster(patient_id) + rms::rcs(cov_num_age, parms=knot_placement)",R
cohort_prevax-main-ami,prevax,ami,main,,mdl_age_sex,days730_1065,-0.129307857694054,0.155281897811923,0.878703408296119,0.648135963219062,1.19129275887789,4054,448,45,105618,853,NA,"Surv(tstart, tstop, outcome_status) ~ days0_1 + days1_7 + days7_14 + days14_28 + days28_56 + days56_84 + days84_183 + days183_365 + days365_730 + days730_1065 + days1065_1582 + cov_cat_sex + rms::strat(strat_cat_region) + cluster(patient_id) + rms::rcs(cov_num_age, parms=knot_placement)",R
cohort_prevax-main-ami,prevax,ami,main,,mdl_age_sex,days84_183,-0.59287032755738,0.353536899724536,0.552738465160457,0.276432138582664,1.10522536357174,4054,448,8,42247,94.5,NA,"Surv(tstart, tstop, outcome_status) ~ days0_1 + days1_7 + days7_14 + days14_28 + days28_56 + days56_84 + days84_183 + days183_365 + days365_730 + days730_1065 + days1065_1582 + cov_cat_sex + rms::strat(strat_cat_region) + cluster(patient_id) + rms::rcs(cov_num_age, parms=knot_placement)",R
cohort_prevax-main-ami,prevax,ami,main,,mdl_age_sex,days_pre,NA,NA,NA,NA,NA,4054,448,1742,4228447,781.5,NA,"Surv(tstart, tstop, outcome_status) ~ days0_1 + days1_7 + days7_14 + days14_28 + days28_56 + days56_84 + days84_183 + days183_365 + days365_730 + days730_1065 + days1065_1582 + cov_cat_sex + rms::strat(strat_cat_region) + cluster(patient_id) + rms::rcs(cov_num_age, parms=knot_placement)",R
cohort_prevax-main-ami,prevax,ami,main,,mdl_max_adj,cov_bin_ami,0.0299904485598351,0.0536454396657498,1.0304446916757,0.927601848227133,1.14468967977156,4054,448,NA,NA,NA,NA,"Surv(tstart, tstop, outcome_status) ~ days0_1 + days1_7 + days7_14 + days14_28 + days28_56 + days56_84 + days84_183 + days183_365 + days365_730 + days730_1065 + days1065_1582 + cov_cat_sex + rms::strat(strat_cat_region) + cluster(patient_id) + rms::rcs(cov_num_age, parms=knot_placement) + cov_cat_ethnicity + cov_cat_imd + cov_num_consrate2019 + cov_bin_hcworker + cov_bin_carehome + cov_bin_ami + cov_bin_dementia + cov_bin_liver_disease + cov_bin_ckd + cov_bin_cancer + cov_bin_hypertension + cov_bin_diabetes + cov_bin_depression + cov_bin_copd + cov_bin_stroke_all + cov_bin_other_ae + cov_bin_vte + cov_bin_hf + cov_bin_angina + cov_bin_lipidmed + cov_bin_antiplatelet + cov_bin_anticoagulant + cov_bin_cocp + cov_bin_hrt",R
cohort_prevax-main-ami,prevax,ami,main,,mdl_max_adj,cov_bin_angina,0.00612873817669023,0.0862773299349608,1.00614755731873,0.849615214192194,1.19151927859598,4054,448,NA,NA,NA,NA,"Surv(tstart, tstop, outcome_status) ~ days0_1 + days1_7 + days7_14 + days14_28 + days28_56 + days56_84 + days84_183 + days183_365 + days365_730 + days730_1065 + days1065_1582 + cov_cat_sex + rms::strat(strat_cat_region) + cluster(patient_id) + rms::rcs(cov_num_age, parms=knot_placement) + cov_cat_ethnicity + cov_cat_imd + cov_num_consrate2019 + cov_bin_hcworker + cov_bin_carehome + cov_bin_ami + cov_bin_dementia + cov_bin_liver_disease + cov_bin_ckd + cov_bin_cancer + cov_bin_hypertension + cov_bin_diabetes + cov_bin_depression + cov_bin_copd + cov_bin_stroke_all + cov_bin_other_ae + cov_bin_vte + cov_bin_hf + cov_bin_angina + cov_bin_lipidmed + cov_bin_antiplatelet + cov_bin_anticoagulant + cov_bin_cocp + cov_bin_hrt",R
cohort_prevax-main-ami,prevax,ami,main,,mdl_max_adj,cov_bin_anticoagulant,0.264605260867267,0.0952706820026886,1.3029165621017,1.08099093769324,1.57040314456424,4054,448,NA,NA,NA,NA,"Surv(tstart, tstop, outcome_status) ~ days0_1 + days1_7 + days7_14 + days14_28 + days28_56 + days56_84 + days84_183 + days183_365 + days365_730 + days730_1065 + days1065_1582 + cov_cat_sex + rms::strat(strat_cat_region) + cluster(patient_id) + rms::rcs(cov_num_age, parms=knot_placement) + cov_cat_ethnicity + cov_cat_imd + cov_num_consrate2019 + cov_bin_hcworker + cov_bin_carehome + cov_bin_ami + cov_bin_dementia + cov_bin_liver_disease + cov_bin_ckd + cov_bin_cancer + cov_bin_hypertension + cov_bin_diabetes + cov_bin_depression + cov_bin_copd + cov_bin_stroke_all + cov_bin_other_ae + cov_bin_vte + cov_bin_hf + cov_bin_angina + cov_bin_lipidmed + cov_bin_antiplatelet + cov_bin_anticoagulant + cov_bin_cocp + cov_bin_hrt",R
cohort_prevax-main-ami,prevax,ami,main,,mdl_max_adj,cov_bin_antiplatelet,-0.123067526907746,0.0879711652538403,0.88420395298608,0.744168461908627,1.05059092194128,4054,448,NA,NA,NA,NA,"Surv(tstart, tstop, outcome_status) ~ days0_1 + days1_7 + days7_14 + days14_28 + days28_56 + days56_84 + days84_183 + days183_365 + days365_730 + days730_1065 + days1065_1582 + cov_cat_sex + rms::strat(strat_cat_region) + cluster(patient_id) + rms::rcs(cov_num_age, parms=knot_placement) + cov_cat_ethnicity + cov_cat_imd + cov_num_consrate2019 + cov_bin_hcworker + cov_bin_carehome + cov_bin_ami + cov_bin_dementia + cov_bin_liver_disease + cov_bin_ckd + cov_bin_cancer + cov_bin_hypertension + cov_bin_diabetes + cov_bin_depression + cov_bin_copd + cov_bin_stroke_all + cov_bin_other_ae + cov_bin_vte + cov_bin_hf + cov_bin_angina + cov_bin_lipidmed + cov_bin_antiplatelet + cov_bin_anticoagulant + cov_bin_cocp + cov_bin_hrt",R
cohort_prevax-main-ami,prevax,ami,main,,mdl_max_adj,cov_bin_cancer,-0.0161575534692455,0.0623134472501273,0.983972279595733,0.870846400760275,1.11179359088762,4054,448,NA,NA,NA,NA,"Surv(tstart, tstop, outcome_status) ~ days0_1 + days1_7 + days7_14 + days14_28 + days28_56 + days56_84 + days84_183 + days183_365 + days365_730 + days730_1065 + days1065_1582 + cov_cat_sex + rms::strat(strat_cat_region) + cluster(patient_id) + rms::rcs(cov_num_age, parms=knot_placement) + cov_cat_ethnicity + cov_cat_imd + cov_num_consrate2019 + cov_bin_hcworker + cov_bin_carehome + cov_bin_ami + cov_bin_dementia + cov_bin_liver_disease + cov_bin_ckd + cov_bin_cancer + cov_bin_hypertension + cov_bin_diabetes + cov_bin_depression + cov_bin_copd + cov_bin_stroke_all + cov_bin_other_ae + cov_bin_vte + cov_bin_hf + cov_bin_angina + cov_bin_lipidmed + cov_bin_antiplatelet + cov_bin_anticoagulant + cov_bin_cocp + cov_bin_hrt",R
cohort_prevax-main-ami,prevax,ami,main,,mdl_max_adj,cov_bin_carehome,-0.00197283433229343,0.0628329514406003,0.998029110426252,0.882388224313467,1.12882524699737,4054,448,NA,NA,NA,NA,"Surv(tstart, tstop, outcome_status) ~ days0_1 + days1_7 + days7_14 + days14_28 + days28_56 + days56_84 + days84_183 + days183_365 + days365_730 + days730_1065 + days1065_1582 + cov_cat_sex + rms::strat(strat_cat_region) + cluster(patient_id) + rms::rcs(cov_num_age, parms=knot_placement) + cov_cat_ethnicity + cov_cat_imd + cov_num_consrate2019 + cov_bin_hcworker + cov_bin_carehome + cov_bin_ami + cov_bin_dementia + cov_bin_liver_disease + cov_bin_ckd + cov_bin_cancer + cov_bin_hypertension + cov_bin_diabetes + cov_bin_depression + cov_bin_copd + cov_bin_stroke_all + cov_bin_other_ae + cov_bin_vte + cov_bin_hf + cov_bin_angina + cov_bin_lipidmed + cov_bin_antiplatelet + cov_bin_anticoagulant + cov_bin_cocp + cov_bin_hrt",R
cohort_prevax-main-ami,prevax,ami,main,,mdl_max_adj,cov_bin_ckd,0.00444418304465996,0.0557523558577739,1.00445407307173,0.900479007677287,1.12043476450699,4054,448,NA,NA,NA,NA,"Surv(tstart, tstop, outcome_status) ~ days0_1 + days1_7 + days7_14 + days14_28 + days28_56 + days56_84 + days84_183 + days183_365 + days365_730 + days730_1065 + days1065_1582 + cov_cat_sex + rms::strat(strat_cat_region) + cluster(patient_id) + rms::rcs(cov_num_age, parms=knot_placement) + cov_cat_ethnicity + cov_cat_imd + cov_num_consrate2019 + cov_bin_hcworker + cov_bin_carehome + cov_bin_ami + cov_bin_dementia + cov_bin_liver_disease + cov_bin_ckd + cov_bin_cancer + cov_bin_hypertension + cov_bin_diabetes + cov_bin_depression + cov_bin_copd + cov_bin_stroke_all + cov_bin_other_ae + cov_bin_vte + cov_bin_hf + cov_bin_angina + cov_bin_lipidmed + cov_bin_antiplatelet + cov_bin_anticoagulant + cov_bin_cocp + cov_bin_hrt",R
cohort_prevax-main-ami,prevax,ami,main,,mdl_max_adj,cov_bin_cocp,-0.025809801331412,0.126433641391895,0.974520424470215,0.76062471883241,1.24856586197648,4054,448,NA,NA,NA,NA,"Surv(tstart, tstop, outcome_status) ~ days0_1 + days1_7 + days7_14 + days14_28 + days28_56 + days56_84 + days84_183 + days183_365 + days365_730 + days730_1065 + days1065_1582 + cov_cat_sex + rms::strat(strat_cat_region) + cluster(patient_id) + rms::rcs(cov_num_age, parms=knot_placement) + cov_cat_ethnicity + cov_cat_imd + cov_num_consrate2019 + cov_bin_hcworker + cov_bin_carehome + cov_bin_ami + cov_bin_dementia + cov_bin_liver_disease + cov_bin_ckd + cov_bin_cancer + cov_bin_hypertension + cov_bin_diabetes + cov_bin_depression + cov_bin_copd + cov_bin_stroke_all + cov_bin_other_ae + cov_bin_vte + cov_bin_hf + cov_bin_angina + cov_bin_lipidmed + cov_bin_antiplatelet + cov_bin_anticoagulant + cov_bin_cocp + cov_bin_hrt",R
cohort_prevax-main-ami,prevax,ami,main,,mdl_max_adj,cov_bin_copd,-0.0560154727885474,0.0558362042373492,0.945524505876467,0.847510184977502,1.05487415615739,4054,448,NA,NA,NA,NA,"Surv(tstart, tstop, outcome_status) ~ days0_1 + days1_7 + days7_14 + days14_28 + days28_56 + days56_84 + days84_183 + days183_365 + days365_730 + days730_1065 + days1065_1582 + cov_cat_sex + rms::strat(strat_cat_region) + cluster(patient_id) + rms::rcs(cov_num_age, parms=knot_placement) + cov_cat_ethnicity + cov_cat_imd + cov_num_consrate2019 + cov_bin_hcworker + cov_bin_carehome + cov_bin_ami + cov_bin_dementia + cov_bin_liver_disease + cov_bin_ckd + cov_bin_cancer + cov_bin_hypertension + cov_bin_diabetes + cov_bin_depression + cov_bin_copd + cov_bin_stroke_all + cov_bin_other_ae + cov_bin_vte + cov_bin_hf + cov_bin_angina + cov_bin_lipidmed + cov_bin_antiplatelet + cov_bin_anticoagulant + cov_bin_cocp + cov_bin_hrt",R
cohort_prevax-main-ami,prevax,ami,main,,mdl_max_adj,cov_bin_dementia,0.083080260817452,0.0710240914797566,1.08662901878172,0.945421517648565,1.24892717419348,4054,448,NA,NA,NA,NA,"Surv(tstart, tstop, outcome_status) ~ days0_1 + days1_7 + days7_14 + days14_28 + days28_56 + days56_84 + days84_183 + days183_365 + days365_730 + days730_1065 + days1065_1582 + cov_cat_sex + rms::strat(strat_cat_region) + cluster(patient_id) + rms::rcs(cov_num_age, parms=knot_placement) + cov_cat_ethnicity + cov_cat_imd + cov_num_consrate2019 + cov_bin_hcworker + cov_bin_carehome + cov_bin_ami + cov_bin_dementia + cov_bin_liver_disease + cov_bin_ckd + cov_bin_cancer + cov_bin_hypertension + cov_bin_diabetes + cov_bin_depression + cov_bin_copd + cov_bin_stroke_all + cov_bin_other_ae + cov_bin_vte + cov_bin_hf + cov_bin_angina + cov_bin_lipidmed + cov_bin_antiplatelet + cov_bin_anticoagulant + cov_bin_cocp + cov_bin_hrt",R
cohort_prevax-main-ami,prevax,ami,main,,mdl_max_adj,cov_bin_depression,0.00143672393319565,0.0570927631992543,1.00143775651548,0.895419428116503,1.12000873410161,4054,448,NA,NA,NA,NA,"Surv(tstart, tstop, outcome_status) ~ days0_1 + days1_7 + days7_14 + days14_28 + days28_56 + days56_84 + days84_183 + days183_365 + days365_730 + days730_1065 + days1065_1582 + cov_cat_sex + rms::strat(strat_cat_region) + cluster(patient_id) + rms::rcs(cov_num_age, parms=knot_placement) + cov_cat_ethnicity + cov_cat_imd + cov_num_consrate2019 + cov_bin_hcworker + cov_bin_carehome + cov_bin_ami + cov_bin_dementia + cov_bin_liver_disease + cov_bin_ckd + cov_bin_cancer + cov_bin_hypertension + cov_bin_diabetes + cov_bin_depression + cov_bin_copd + cov_bin_stroke_all + cov_bin_other_ae + cov_bin_vte + cov_bin_hf + cov_bin_angina + cov_bin_lipidmed + cov_bin_antiplatelet + cov_bin_anticoagulant + cov_bin_cocp + cov_bin_hrt",R
cohort_prevax-main-ami,prevax,ami,main,,mdl_max_adj,cov_bin_diabetes,-0.0338587523329357,0.0490507458981099,0.966708040250029,0.878098550177426,1.06425917101813,4054,448,NA,NA,NA,NA,"Surv(tstart, tstop, outcome_status) ~ days0_1 + days1_7 + days7_14 + days14_28 + days28_56 + days56_84 + days84_183 + days183_365 + days365_730 + days730_1065 + days1065_1582 + cov_cat_sex + rms::strat(strat_cat_region) + cluster(patient_id) + rms::rcs(cov_num_age, parms=knot_placement) + cov_cat_ethnicity + cov_cat_imd + cov_num_consrate2019 + cov_bin_hcworker + cov_bin_carehome + cov_bin_ami + cov_bin_dementia + cov_bin_liver_disease + cov_bin_ckd + cov_bin_cancer + cov_bin_hypertension + cov_bin_diabetes + cov_bin_depression + cov_bin_copd + cov_bin_stroke_all + cov_bin_other_ae + cov_bin_vte + cov_bin_hf + cov_bin_angina + cov_bin_lipidmed + cov_bin_antiplatelet + cov_bin_anticoagulant + cov_bin_cocp + cov_bin_hrt",R
cohort_prevax-main-ami,prevax,ami,main,,mdl_max_adj,cov_bin_hcworker,0.0690362103528518,0.0461044239610993,1.07147500693397,0.978899007959636,1.17280606186037,4054,448,NA,NA,NA,NA,"Surv(tstart, tstop, outcome_status) ~ days0_1 + days1_7 + days7_14 + days14_28 + days28_56 + days56_84 + days84_183 + days183_365 + days365_730 + days730_1065 + days1065_1582 + cov_cat_sex + rms::strat(strat_cat_region) + cluster(patient_id) + rms::rcs(cov_num_age, parms=knot_placement) + cov_cat_ethnicity + cov_cat_imd + cov_num_consrate2019 + cov_bin_hcworker + cov_bin_carehome + cov_bin_ami + cov_bin_dementia + cov_bin_liver_disease + cov_bin_ckd + cov_bin_cancer + cov_bin_hypertension + cov_bin_diabetes + cov_bin_depression + cov_bin_copd + cov_bin_stroke_all + cov_bin_other_ae + cov_bin_vte + cov_bin_hf + cov_bin_angina + cov_bin_lipidmed + cov_bin_antiplatelet + cov_bin_anticoagulant + cov_bin_cocp + cov_bin_hrt",R
cohort_prevax-main-ami,prevax,ami,main,,mdl_max_adj,cov_bin_hf,-0.0768328594730917,0.074941385117968,0.926044620258016,0.799542751569077,1.07256133211874,4054,448,NA,NA,NA,NA,"Surv(tstart, tstop, outcome_status) ~ days0_1 + days1_7 + days7_14 + days14_28 + days28_56 + days56_84 + days84_183 + days183_365 + days365_730 + days730_1065 + days1065_1582 + cov_cat_sex + rms::strat(strat_cat_region) + cluster(patient_id) + rms::rcs(cov_num_age, parms=knot_placement) + cov_cat_ethnicity + cov_cat_imd + cov_num_consrate2019 + cov_bin_hcworker + cov_bin_carehome + cov_bin_ami + cov_bin_dementia + cov_bin_liver_disease + cov_bin_ckd + cov_bin_cancer + cov_bin_hypertension + cov_bin_diabetes + cov_bin_depression + cov_bin_copd + cov_bin_stroke_all + cov_bin_other_ae + cov_bin_vte + cov_bin_hf + cov_bin_angina + cov_bin_lipidmed + cov_bin_antiplatelet + cov_bin_anticoagulant + cov_bin_cocp + cov_bin_hrt",R
cohort_prevax-main-ami,prevax,ami,main,,mdl_max_adj,cov_bin_hrt,0.0716192230204761,0.0916914414711044,1.07424621794572,0.897544390250694,1.28573578009702,4054,448,NA,NA,NA,NA,"Surv(tstart, tstop, outcome_status) ~ days0_1 + days1_7 + days7_14 + days14_28 + days28_56 + days56_84 + days84_183 + days183_365 + days365_730 + days730_1065 + days1065_1582 + cov_cat_sex + rms::strat(strat_cat_region) + cluster(patient_id) + rms::rcs(cov_num_age, parms=knot_placement) + cov_cat_ethnicity + cov_cat_imd + cov_num_consrate2019 + cov_bin_hcworker + cov_bin_carehome + cov_bin_ami + cov_bin_dementia + cov_bin_liver_disease + cov_bin_ckd + cov_bin_cancer + cov_bin_hypertension + cov_bin_diabetes + cov_bin_depression + cov_bin_copd + cov_bin_stroke_all + cov_bin_other_ae + cov_bin_vte + cov_bin_hf + cov_bin_angina + cov_bin_lipidmed + cov_bin_antiplatelet + cov_bin_anticoagulant + cov_bin_cocp + cov_bin_hrt",R
cohort_prevax-main-ami,prevax,ami,main,,mdl_max_adj,cov_bin_hypertension,0.0509986398272839,0.055099532042962,1.05232146194329,0.944599303809453,1.17232826109498,4054,448,NA,NA,NA,NA,"Surv(tstart, tstop, outcome_status) ~ days0_1 + days1_7 + days7_14 + days14_28 + days28_56 + days56_84 + days84_183 + days183_365 + days365_730 + days730_1065 + days1065_1582 + cov_cat_sex + rms::strat(strat_cat_region) + cluster(patient_id) + rms::rcs(cov_num_age, parms=knot_placement) + cov_cat_ethnicity + cov_cat_imd + cov_num_consrate2019 + cov_bin_hcworker + cov_bin_carehome + cov_bin_ami + cov_bin_dementia + cov_bin_liver_disease + cov_bin_ckd + cov_bin_cancer + cov_bin_hypertension + cov_bin_diabetes + cov_bin_depression + cov_bin_copd + cov_bin_stroke_all + cov_bin_other_ae + cov_bin_vte + cov_bin_hf + cov_bin_angina + cov_bin_lipidmed + cov_bin_antiplatelet + cov_bin_anticoagulant + cov_bin_cocp + cov_bin_hrt",R
cohort_prevax-main-ami,prevax,ami,main,,mdl_max_adj,cov_bin_lipidmed,8.4876851706499e-4,0.0606010132060202,1.00084912882299,0.888760898871458,1.12707363694521,4054,448,NA,NA,NA,NA,"Surv(tstart, tstop, outcome_status) ~ days0_1 + days1_7 + days7_14 + days14_28 + days28_56 + days56_84 + days84_183 + days183_365 + days365_730 + days730_1065 + days1065_1582 + cov_cat_sex + rms::strat(strat_cat_region) + cluster(patient_id) + rms::rcs(cov_num_age, parms=knot_placement) + cov_cat_ethnicity + cov_cat_imd + cov_num_consrate2019 + cov_bin_hcworker + cov_bin_carehome + cov_bin_ami + cov_bin_dementia + cov_bin_liver_disease + cov_bin_ckd + cov_bin_cancer + cov_bin_hypertension + cov_bin_diabetes + cov_bin_depression + cov_bin_copd + cov_bin_stroke_all + cov_bin_other_ae + cov_bin_vte + cov_bin_hf + cov_bin_angina + cov_bin_lipidmed + cov_bin_antiplatelet + cov_bin_anticoagulant + cov_bin_cocp + cov_bin_hrt",R
cohort_prevax-main-ami,prevax,ami,main,,mdl_max_adj,cov_bin_liver_disease,0.0365016176604086,0.0583307935441899,1.03717598181492,0.925126645418299,1.16279649124941,4054,448,NA,NA,NA,NA,"Surv(tstart, tstop, outcome_status) ~ days0_1 + days1_7 + days7_14 + days14_28 + days28_56 + days56_84 + days84_183 + days183_365 + days365_730 + days730_1065 + days1065_1582 + cov_cat_sex + rms::strat(strat_cat_region) + cluster(patient_id) + rms::rcs(cov_num_age, parms=knot_placement) + cov_cat_ethnicity + cov_cat_imd + cov_num_consrate2019 + cov_bin_hcworker + cov_bin_carehome + cov_bin_ami + cov_bin_dementia + cov_bin_liver_disease + cov_bin_ckd + cov_bin_cancer + cov_bin_hypertension + cov_bin_diabetes + cov_bin_depression + cov_bin_copd + cov_bin_stroke_all + cov_bin_other_ae + cov_bin_vte + cov_bin_hf + cov_bin_angina + cov_bin_lipidmed + cov_bin_antiplatelet + cov_bin_anticoagulant + cov_bin_cocp + cov_bin_hrt",R
cohort_prevax-main-ami,prevax,ami,main,,mdl_max_adj,cov_bin_other_ae,0.0845222984195478,0.0804505873622238,1.08819710903716,0.929454006201614,1.27405222874467,4054,448,NA,NA,NA,NA,"Surv(tstart, tstop, outcome_status) ~ days0_1 + days1_7 + days7_14 + days14_28 + days28_56 + days56_84 + days84_183 + days183_365 + days365_730 + days730_1065 + days1065_1582 + cov_cat_sex + rms::strat(strat_cat_region) + cluster(patient_id) + rms::rcs(cov_num_age, parms=knot_placement) + cov_cat_ethnicity + cov_cat_imd + cov_num_consrate2019 + cov_bin_hcworker + cov_bin_carehome + cov_bin_ami + cov_bin_dementia + cov_bin_liver_disease + cov_bin_ckd + cov_bin_cancer + cov_bin_hypertension + cov_bin_diabetes + cov_bin_depression + cov_bin_copd + cov_bin_stroke_all + cov_bin_other_ae + cov_bin_vte + cov_bin_hf + cov_bin_angina + cov_bin_lipidmed + cov_bin_antiplatelet + cov_bin_anticoagulant + cov_bin_cocp + cov_bin_hrt",R
cohort_prevax-main-ami,prevax,ami,main,,mdl_max_adj,cov_bin_stroke_all,-0.0843777541317249,0.0509655294135695,0.919084002731623,0.831712578619592,1.01563379680896,4054,448,NA,NA,NA,NA,"Surv(tstart, tstop, outcome_status) ~ days0_1 + days1_7 + days7_14 + days14_28 + days28_56 + days56_84 + days84_183 + days183_365 + days365_730 + days730_1065 + days1065_1582 + cov_cat_sex + rms::strat(strat_cat_region) + cluster(patient_id) + rms::rcs(cov_num_age, parms=knot_placement) + cov_cat_ethnicity + cov_cat_imd + cov_num_consrate2019 + cov_bin_hcworker + cov_bin_carehome + cov_bin_ami + cov_bin_dementia + cov_bin_liver_disease + cov_bin_ckd + cov_bin_cancer + cov_bin_hypertension + cov_bin_diabetes + cov_bin_depression + cov_bin_copd + cov_bin_stroke_all + cov_bin_other_ae + cov_bin_vte + cov_bin_hf + cov_bin_angina + cov_bin_lipidmed + cov_bin_antiplatelet + cov_bin_anticoagulant + cov_bin_cocp + cov_bin_hrt",R
cohort_prevax-main-ami,prevax,ami,main,,mdl_max_adj,cov_bin_vte,0.00483345335926748,0.0524811294753397,1.00484515333779,0.906623816871628,1.11370754153641,4054,448,NA,NA,NA,NA,"Surv(tstart, tstop, outcome_status) ~ days0_1 + days1_7 + days7_14 + days14_28 + days28_56 + days56_84 + days84_183 + days183_365 + days365_730 + days730_1065 + days1065_1582 + cov_cat_sex + rms::strat(strat_cat_region) + cluster(patient_id) + rms::rcs(cov_num_age, parms=knot_placement) + cov_cat_ethnicity + cov_cat_imd + cov_num_consrate2019 + cov_bin_hcworker + cov_bin_carehome + cov_bin_ami + cov_bin_dementia + cov_bin_liver_disease + cov_bin_ckd + cov_bin_cancer + cov_bin_hypertension + cov_bin_diabetes + cov_bin_depression + cov_bin_copd + cov_bin_stroke_all + cov_bin_other_ae + cov_bin_vte + cov_bin_hf + cov_bin_angina + cov_bin_lipidmed + cov_bin_antiplatelet + cov_bin_anticoagulant + cov_bin_cocp + cov_bin_hrt",R
cohort_prevax-main-ami,prevax,ami,main,,mdl_max_adj,cov_cat_ethnicity=Asian,0.0408742663167993,0.123376947631214,1.04172111787785,0.817961419789746,1.32669201893608,4054,448,NA,NA,NA,NA,"Surv(tstart, tstop, outcome_status) ~ days0_1 + days1_7 + days7_14 + days14_28 + days28_56 + days56_84 + days84_183 + days183_365 + days365_730 + days730_1065 + days1065_1582 + cov_cat_sex + rms::strat(strat_cat_region) + cluster(patient_id) + rms::rcs(cov_num_age, parms=knot_placement) + cov_cat_ethnicity + cov_cat_imd + cov_num_consrate2019 + cov_bin_hcworker + cov_bin_carehome + cov_bin_ami + cov_bin_dementia + cov_bin_liver_disease + cov_bin_ckd + cov_bin_cancer + cov_bin_hypertension + cov_bin_diabetes + cov_bin_depression + cov_bin_copd + cov_bin_stroke_all + cov_bin_other_ae + cov_bin_vte + cov_bin_hf + cov_bin_angina + cov_bin_lipidmed + cov_bin_antiplatelet + cov_bin_anticoagulant + cov_bin_cocp + cov_bin_hrt",R
cohort_prevax-main-ami,prevax,ami,main,,mdl_max_adj,cov_cat_ethnicity=Black,0.0532478092694906,0.122792832165754,1.05469097493808,0.829094017671182,1.34167299354101,4054,448,NA,NA,NA,NA,"Surv(tstart, tstop, outcome_status) ~ days0_1 + days1_7 + days7_14 + days14_28 + days28_56 + days56_84 + days84_183 + days183_365 + days365_730 + days730_1065 + days1065_1582 + cov_cat_sex + rms::strat(strat_cat_region) + cluster(patient_id) + rms::rcs(cov_num_age, parms=knot_placement) + cov_cat_ethnicity + cov_cat_imd + cov_num_consrate2019 + cov_bin_hcworker + cov_bin_carehome + cov_bin_ami + cov_bin_dementia + cov_bin_liver_disease + cov_bin_ckd + cov_bin_cancer + cov_bin_hypertension + cov_bin_diabetes + cov_bin_depression + cov_bin_copd + cov_bin_stroke_all + cov_bin_other_ae + cov_bin_vte + cov_bin_hf + cov_bin_angina + cov_bin_lipidmed + cov_bin_antiplatelet + cov_bin_anticoagulant + cov_bin_cocp + cov_bin_hrt",R
cohort_prevax-main-ami,prevax,ami,main,,mdl_max_adj,cov_cat_ethnicity=Missing,0.00533020712169474,0.08791317269313,1.00534443794886,0.846219543699287,1.19439151038312,4054,448,NA,NA,NA,NA,"Surv(tstart, tstop, outcome_status) ~ days0_1 + days1_7 + days7_14 + days14_28 + days28_56 + days56_84 + days84_183 + days183_365 + days365_730 + days730_1065 + days1065_1582 + cov_cat_sex + rms::strat(strat_cat_region) + cluster(patient_id) + rms::rcs(cov_num_age, parms=knot_placement) + cov_cat_ethnicity + cov_cat_imd + cov_num_consrate2019 + cov_bin_hcworker + cov_bin_carehome + cov_bin_ami + cov_bin_dementia + cov_bin_liver_disease + cov_bin_ckd + cov_bin_cancer + cov_bin_hypertension + cov_bin_diabetes + cov_bin_depression + cov_bin_copd + cov_bin_stroke_all + cov_bin_other_ae + cov_bin_vte + cov_bin_hf + cov_bin_angina + cov_bin_lipidmed + cov_bin_antiplatelet + cov_bin_anticoagulant + cov_bin_cocp + cov_bin_hrt",R
cohort_prevax-main-ami,prevax,ami,main,,mdl_max_adj,cov_cat_ethnicity=Mixed,0.0575618596267279,0.158021381178285,1.0592507934868,0.777124774729097,1.44379934855834,4054,448,NA,NA,NA,NA,"Surv(tstart, tstop, outcome_status) ~ days0_1 + days1_7 + days7_14 + days14_28 + days28_56 + days56_84 + days84_183 + days183_365 + days365_730 + days730_1065 + days1065_1582 + cov_cat_sex + rms::strat(strat_cat_region) + cluster(patient_id) + rms::rcs(cov_num_age, parms=knot_placement) + cov_cat_ethnicity + cov_cat_imd + cov_num_consrate2019 + cov_bin_hcworker + cov_bin_carehome + cov_bin_ami + cov_bin_dementia + cov_bin_liver_disease + cov_bin_ckd + cov_bin_cancer + cov_bin_hypertension + cov_bin_diabetes + cov_bin_depression + cov_bin_copd + cov_bin_stroke_all + cov_bin_other_ae + cov_bin_vte + cov_bin_hf + cov_bin_angina + cov_bin_lipidmed + cov_bin_antiplatelet + cov_bin_anticoagulant + cov_bin_cocp + cov_bin_hrt",R
cohort_prevax-main-ami,prevax,ami,main,,mdl_max_adj,cov_cat_ethnicity=Other,-0.0741816249995475,0.115097659659902,0.92850303916173,0.740989449011868,1.16346851481115,4054,448,NA,NA,NA,NA,"Surv(tstart, tstop, outcome_status) ~ days0_1 + days1_7 + days7_14 + days14_28 + days28_56 + days56_84 + days84_183 + days183_365 + days365_730 + days730_1065 + days1065_1582 + cov_cat_sex + rms::strat(strat_cat_region) + cluster(patient_id) + rms::rcs(cov_num_age, parms=knot_placement) + cov_cat_ethnicity + cov_cat_imd + cov_num_consrate2019 + cov_bin_hcworker + cov_bin_carehome + cov_bin_ami + cov_bin_dementia + cov_bin_liver_disease + cov_bin_ckd + cov_bin_cancer + cov_bin_hypertension + cov_bin_diabetes + cov_bin_depression + cov_bin_copd + cov_bin_stroke_all + cov_bin_other_ae + cov_bin_vte + cov_bin_hf + cov_bin_angina + cov_bin_lipidmed + cov_bin_antiplatelet + cov_bin_anticoagulant + cov_bin_cocp + cov_bin_hrt",R
cohort_prevax-main-ami,prevax,ami,main,,mdl_max_adj,cov_cat_imd=2,-0.0995161262021271,0.0731108555555325,0.905275351097504,0.784419935536214,1.04475093528124,4054,448,NA,NA,NA,NA,"Surv(tstart, tstop, outcome_status) ~ days0_1 + days1_7 + days7_14 + days14_28 + days28_56 + days56_84 + days84_183 + days183_365 + days365_730 + days730_1065 + days1065_1582 + cov_cat_sex + rms::strat(strat_cat_region) + cluster(patient_id) + rms::rcs(cov_num_age, parms=knot_placement) + cov_cat_ethnicity + cov_cat_imd + cov_num_consrate2019 + cov_bin_hcworker + cov_bin_carehome + cov_bin_ami + cov_bin_dementia + cov_bin_liver_disease + cov_bin_ckd + cov_bin_cancer + cov_bin_hypertension + cov_bin_diabetes + cov_bin_depression + cov_bin_copd + cov_bin_stroke_all + cov_bin_other_ae + cov_bin_vte + cov_bin_hf + cov_bin_angina + cov_bin_lipidmed + cov_bin_antiplatelet + cov_bin_anticoagulant + cov_bin_cocp + cov_bin_hrt",R
cohort_prevax-main-ami,prevax,ami,main,,mdl_max_adj,cov_cat_imd=3,-0.12020883469353,0.0731424944460692,0.886735236298379,0.768307304694073,1.02341781015115,4054,448,NA,NA,NA,NA,"Surv(tstart, tstop, outcome_status) ~ days0_1 + days1_7 + days7_14 + days14_28 + days28_56 + days56_84 + days84_183 + days183_365 + days365_730 + days730_1065 + days1065_1582 + cov_cat_sex + rms::strat(strat_cat_region) + cluster(patient_id) + rms::rcs(cov_num_age, parms=knot_placement) + cov_cat_ethnicity + cov_cat_imd + cov_num_consrate2019 + cov_bin_hcworker + cov_bin_carehome + cov_bin_ami + cov_bin_dementia + cov_bin_liver_disease + cov_bin_ckd + cov_bin_cancer + cov_bin_hypertension + cov_bin_diabetes + cov_bin_depression + cov_bin_copd + cov_bin_stroke_all + cov_bin_other_ae + cov_bin_vte + cov_bin_hf + cov_bin_angina + cov_bin_lipidmed + cov_bin_antiplatelet + cov_bin_anticoagulant + cov_bin_cocp + cov_bin_hrt",R
cohort_prevax-main-ami,prevax,ami,main,,mdl_max_adj,cov_cat_imd=4,0.0287898664809696,0.0718677543872539,1.02920830058861,0.893983157235138,1.18488778835224,4054,448,NA,NA,NA,NA,"Surv(tstart, tstop, outcome_status) ~ days0_1 + days1_7 + days7_14 + days14_28 + days28_56 + days56_84 + days84_183 + days183_365 + days365_730 + days730_1065 + days1065_1582 + cov_cat_sex + rms::strat(strat_cat_region) + cluster(patient_id) + rms::rcs(cov_num_age, parms=knot_placement) + cov_cat_ethnicity + cov_cat_imd + cov_num_consrate2019 + cov_bin_hcworker + cov_bin_carehome + cov_bin_ami + cov_bin_dementia + cov_bin_liver_disease + cov_bin_ckd + cov_bin_cancer + cov_bin_hypertension + cov_bin_diabetes + cov_bin_depression + cov_bin_copd + cov_bin_stroke_all + cov_bin_other_ae + cov_bin_vte + cov_bin_hf + cov_bin_angina + cov_bin_lipidmed + cov_bin_antiplatelet + cov_bin_anticoagulant + cov_bin_cocp + cov_bin_hrt",R
cohort_prevax-main-ami,prevax,ami,main,,mdl_max_adj,cov_cat_imd=5 (least deprived),-0.0736844230560184,0.0714129739883231,0.92896480746391,0.807629972563871,1.06852846330961,4054,448,NA,NA,NA,NA,"Surv(tstart, tstop, outcome_status) ~ days0_1 + days1_7 + days7_14 + days14_28 + days28_56 + days56_84 + days84_183 + days183_365 + days365_730 + days730_1065 + days1065_1582 + cov_cat_sex + rms::strat(strat_cat_region) + cluster(patient_id) + rms::rcs(cov_num_age, parms=knot_placement) + cov_cat_ethnicity + cov_cat_imd + cov_num_consrate2019 + cov_bin_hcworker + cov_bin_carehome + cov_bin_ami + cov_bin_dementia + cov_bin_liver_disease + cov_bin_ckd + cov_bin_cancer + cov_bin_hypertension + cov_bin_diabetes + cov_bin_depression + cov_bin_copd + cov_bin_stroke_all + cov_bin_other_ae + cov_bin_vte + cov_bin_hf + cov_bin_angina + cov_bin_lipidmed + cov_bin_antiplatelet + cov_bin_anticoagulant + cov_bin_cocp + cov_bin_hrt",R
cohort_prevax-main-ami,prevax,ami,main,,mdl_max_adj,cov_cat_sex=Male,-0.0574802348746228,0.0459869914037539,0.944140551258374,0.862764869814793,1.0331915585782,4054,448,NA,NA,NA,NA,"Surv(tstart, tstop, outcome_status) ~ days0_1 + days1_7 + days7_14 + days14_28 + days28_56 + days56_84 + days84_183 + days183_365 + days365_730 + days730_1065 + days1065_1582 + cov_cat_sex + rms::strat(strat_cat_region) + cluster(patient_id) + rms::rcs(cov_num_age, parms=knot_placement) + cov_cat_ethnicity + cov_cat_imd + cov_num_consrate2019 + cov_bin_hcworker + cov_bin_carehome + cov_bin_ami + cov_bin_dementia + cov_bin_liver_disease + cov_bin_ckd + cov_bin_cancer + cov_bin_hypertension + cov_bin_diabetes + cov_bin_depression + cov_bin_copd + cov_bin_stroke_all + cov_bin_other_ae + cov_bin_vte + cov_bin_hf + cov_bin_angina + cov_bin_lipidmed + cov_bin_antiplatelet + cov_bin_anticoagulant + cov_bin_cocp + cov_bin_hrt",R
cohort_prevax-main-ami,prevax,ami,main,,mdl_max_adj,cov_num_age,-0.00302363869934229,0.0023307397668086,0.996980927892416,0.992436940261635,1.00154572069756,4054,448,NA,NA,NA,NA,"Surv(tstart, tstop, outcome_status) ~ days0_1 + days1_7 + days7_14 + days14_28 + days28_56 + days56_84 + days84_183 + days183_365 + days365_730 + days730_1065 + days1065_1582 + cov_cat_sex + rms::strat(strat_cat_region) + cluster(patient_id) + rms::rcs(cov_num_age, parms=knot_placement) + cov_cat_ethnicity + cov_cat_imd + cov_num_consrate2019 + cov_bin_hcworker + cov_bin_carehome + cov_bin_ami + cov_bin_dementia + cov_bin_liver_disease + cov_bin_ckd + cov_bin_cancer + cov_bin_hypertension + cov_bin_diabetes + cov_bin_depression + cov_bin_copd + cov_bin_stroke_all + cov_bin_other_ae + cov_bin_vte + cov_bin_hf + cov_bin_angina + cov_bin_lipidmed + cov_bin_antiplatelet + cov_bin_anticoagulant + cov_bin_cocp + cov_bin_hrt",R
cohort_prevax-main-ami,prevax,ami,main,,mdl_max_adj,cov_num_age',0.00223493356768745,0.00304528630815803,1.00223743289331,0.99627324373885,1.00823732666243,4054,448,NA,NA,NA,NA,"Surv(tstart, tstop, outcome_status) ~ days0_1 + days1_7 + days7_14 + days14_28 + days28_56 + days56_84 + days84_183 + days183_365 + days365_730 + days730_1065 + days1065_1582 + cov_cat_sex + rms::strat(strat_cat_region) + cluster(patient_id) + rms::rcs(cov_num_age, parms=knot_placement) + cov_cat_ethnicity + cov_cat_imd + cov_num_consrate2019 + cov_bin_hcworker + cov_bin_carehome + cov_bin_ami + cov_bin_dementia + cov_bin_liver_disease + cov_bin_ckd + cov_bin_cancer + cov_bin_hypertension + cov_bin_diabetes + cov_bin_depression + cov_bin_copd + cov_bin_stroke_all + cov_bin_other_ae + cov_bin_vte + cov_bin_hf + cov_bin_angina + cov_bin_lipidmed + cov_bin_antiplatelet + cov_bin_anticoagulant + cov_bin_cocp + cov_bin_hrt",R
cohort_prevax-main-ami,prevax,ami,main,,mdl_max_adj,cov_num_consrate2019,-0.0236129560739299,0.113324878001988,0.97666364834668,0.782136786050396,1.21957169003477,4054,448,NA,NA,NA,NA,"Surv(tstart, tstop, outcome_status) ~ days0_1 + days1_7 + days7_14 + days14_28 + days28_56 + days56_84 + days84_183 + days183_365 + days365_730 + days730_1065 + days1065_1582 + cov_cat_sex + rms::strat(strat_cat_region) + cluster(patient_id) + rms::rcs(cov_num_age, parms=knot_placement) + cov_cat_ethnicity + cov_cat_imd + cov_num_consrate2019 + cov_bin_hcworker + cov_bin_carehome + cov_bin_ami + cov_bin_dementia + cov_bin_liver_disease + cov_bin_ckd + cov_bin_cancer + cov_bin_hypertension + cov_bin_diabetes + cov_bin_depression + cov_bin_copd + cov_bin_stroke_all + cov_bin_other_ae + cov_bin_vte + cov_bin_hf + cov_bin_angina + cov_bin_lipidmed + cov_bin_antiplatelet + cov_bin_anticoagulant + cov_bin_cocp + cov_bin_hrt",R
cohort_prevax-main-ami,prevax,ami,main,,mdl_max_adj,days0_1,-2.02933779012006,0.0887422845171612,0.131422521631295,0.110441482141326,0.156389418695289,4054,448,0,448,NA,NA,"Surv(tstart, tstop, outcome_status) ~ days0_1 + days1_7 + days7_14 + days14_28 + days28_56 + days56_84 + days84_183 + days183_365 + days365_730 + days730_1065 + days1065_1582 + cov_cat_sex + rms::strat(strat_cat_region) + cluster(patient_id) + rms::rcs(cov_num_age, parms=knot_placement) + cov_cat_ethnicity + cov_cat_imd + cov_num_consrate2019 + cov_bin_hcworker + cov_bin_carehome + cov_bin_ami + cov_bin_dementia + cov_bin_liver_disease + cov_bin_ckd + cov_bin_cancer + cov_bin_hypertension + cov_bin_diabetes + cov_bin_depression + cov_bin_copd + cov_bin_stroke_all + cov_bin_other_ae + cov_bin_vte + cov_bin_hf + cov_bin_angina + cov_bin_lipidmed + cov_bin_antiplatelet + cov_bin_anticoagulant + cov_bin_cocp + cov_bin_hrt",R
cohort_prevax-main-ami,prevax,ami,main,,mdl_max_adj,days1_7,0.150381070843603,1.00276661717944,1.16227706825188,0.162837031717687,8.29595067617193,4054,448,1,2683,2,NA,"Surv(tstart, tstop, outcome_status) ~ days0_1 + days1_7 + days7_14 + days14_28 + days28_56 + days56_84 + days84_183 + days183_365 + days365_730 + days730_1065 + days1065_1582 + cov_cat_sex + rms::strat(strat_cat_region) + cluster(patient_id) + rms::rcs(cov_num_age, parms=knot_placement) + cov_cat_ethnicity + cov_cat_imd + cov_num_consrate2019 + cov_bin_hcworker + cov_bin_carehome + cov_bin_ami + cov_bin_dementia + cov_bin_liver_disease + cov_bin_ckd + cov_bin_cancer + cov_bin_hypertension + cov_bin_diabetes + cov_bin_depression + cov_bin_copd + cov_bin_stroke_all + cov_bin_other_ae + cov_bin_vte + cov_bin_hf + cov_bin_angina + cov_bin_lipidmed + cov_bin_antiplatelet + cov_bin_anticoagulant + cov_bin_cocp + cov_bin_hrt",R
cohort_prevax-main-ami,prevax,ami,main,,mdl_max_adj,days1065_1582,0.0375212082855299,0.148121703198244,1.03823401601179,0.7766294075819,1.38795912372182,4054,448,50,83063,1245.5,NA,"Surv(tstart, tstop, outcome_status) ~ days0_1 + days1_7 + days7_14 + days14_28 + days28_56 + days56_84 + days84_183 + days183_365 + days365_730 + days730_1065 + days1065_1582 + cov_cat_sex + rms::strat(strat_cat_region) + cluster(patient_id) + rms::rcs(cov_num_age, parms=knot_placement) + cov_cat_ethnicity + cov_cat_imd + cov_num_consrate2019 + cov_bin_hcworker + cov_bin_carehome + cov_bin_ami + cov_bin_dementia + cov_bin_liver_disease + cov_bin_ckd + cov_bin_cancer + cov_bin_hypertension + cov_bin_diabetes + cov_bin_depression + cov_bin_copd + cov_bin_stroke_all + cov_bin_other_ae + cov_bin_vte + cov_bin_hf + cov_bin_angina + cov_bin_lipidmed + cov_bin_antiplatelet + cov_bin_anticoagulant + cov_bin_cocp + cov_bin_hrt",R
cohort_prevax-main-ami,prevax,ami,main,,mdl_max_adj,days14_28,-0.692852466585618,0.987341904373605,0.500147378703378,0.072222254999823,3.46357781856124,4054,448,1,6250,20,NA,"Surv(tstart, tstop, outcome_status) ~ days0_1 + days1_7 + days7_14 + days14_28 + days28_56 + days56_84 + days84_183 + days183_365 + days365_730 + days730_1065 + days1065_1582 + cov_cat_sex + rms::strat(strat_cat_region) + cluster(patient_id) + rms::rcs(cov_num_age, parms=knot_placement) + cov_cat_ethnicity + cov_cat_imd + cov_num_consrate2019 + cov_bin_hcworker + cov_bin_carehome + cov_bin_ami + cov_bin_dementia + cov_bin_liver_disease + cov_bin_ckd + cov_bin_cancer + cov_bin_hypertension + cov_bin_diabetes + cov_bin_depression + cov_bin_copd + cov_bin_stroke_all + cov_bin_other_ae + cov_bin_vte + cov_bin_hf + cov_bin_angina + cov_bin_lipidmed + cov_bin_antiplatelet + cov_bin_anticoagulant + cov_bin_cocp + cov_bin_hrt",R
cohort_prevax-main-ami,prevax,ami,main,,mdl_max_adj,days183_365,-0.0929867928806548,0.205496538511938,0.911205534616915,0.609112312367072,1.36312385985088,4054,448,25,74246,255,NA,"Surv(tstart, tstop, outcome_status) ~ days0_1 + days1_7 + days7_14 + days14_28 + days28_56 + days56_84 + days84_183 + days183_365 + days365_730 + days730_1065 + days1065_1582 + cov_cat_sex + rms::strat(strat_cat_region) + cluster(patient_id) + rms::rcs(cov_num_age, parms=knot_placement) + cov_cat_ethnicity + cov_cat_imd + cov_num_consrate2019 + cov_bin_hcworker + cov_bin_carehome + cov_bin_ami + cov_bin_dementia + cov_bin_liver_disease + cov_bin_ckd + cov_bin_cancer + cov_bin_hypertension + cov_bin_diabetes + cov_bin_depression + cov_bin_copd + cov_bin_stroke_all + cov_bin_other_ae + cov_bin_vte + cov_bin_hf + cov_bin_angina + cov_bin_lipidmed + cov_bin_antiplatelet + cov_bin_anticoagulant + cov_bin_cocp + cov_bin_hrt",R
cohort_prevax-main-ami,prevax,ami,main,,mdl_max_adj,days28_56,0.703110502412565,0.34382275988317,2.02002624198935,1.0296616735245,3.96295805044211,4054,448,8,12369,42,NA,"Surv(tstart, tstop, outcome_status) ~ days0_1 + days1_7 + days7_14 + days14_28 + days28_56 + days56_84 + days84_183 + days183_365 + days365_730 + days730_1065 + days1065_1582 + cov_cat_sex + rms::strat(strat_cat_region) + cluster(patient_id) + rms::rcs(cov_num_age, parms=knot_placement) + cov_cat_ethnicity + cov_cat_imd + cov_num_consrate2019 + cov_bin_hcworker + cov_bin_carehome + cov_bin_ami + cov_bin_dementia + cov_bin_liver_disease + cov_bin_ckd + cov_bin_cancer + cov_bin_hypertension + cov_bin_diabetes + cov_bin_depression + cov_bin_copd + cov_bin_stroke_all + cov_bin_other_ae + cov_bin_vte + cov_bin_hf + cov_bin_angina + cov_bin_lipidmed + cov_bin_antiplatelet + cov_bin_anticoagulant + cov_bin_cocp + cov_bin_hrt",R
cohort_prevax-main-ami,prevax,ami,main,,mdl_max_adj,days365_730,-0.219718572308469,0.150609014871111,0.802744680758545,0.59755627398905,1.07839052242626,4054,448,47,134724,539,NA,"Surv(tstart, tstop, outcome_status) ~ days0_1 + days1_7 + days7_14 + days14_28 + days28_56 + days56_84 + days84_183 + days183_365 + days365_730 + days730_1065 + days1065_1582 + cov_cat_sex + rms::strat(strat_cat_region) + cluster(patient_id) + rms::rcs(cov_num_age, parms=knot_placement) + cov_cat_ethnicity + cov_cat_imd + cov_num_consrate2019 + cov_bin_hcworker + cov_bin_carehome + cov_bin_ami + cov_bin_dementia + cov_bin_liver_disease + cov_bin_ckd + cov_bin_cancer + cov_bin_hypertension + cov_bin_diabetes + cov_bin_depression + cov_bin_copd + cov_bin_stroke_all + cov_bin_other_ae + cov_bin_vte + cov_bin_hf + cov_bin_angina + cov_bin_lipidmed + cov_bin_antiplatelet + cov_bin_anticoagulant + cov_bin_cocp + cov_bin_hrt",R
cohort_prevax-main-ami,prevax,ami,main,,mdl_max_adj,days56_84,-0.0284353349563937,0.5016508129113,0.97196514428245,0.36361747343638,2.5981046311441802,4054,448,4,12162,74.5,NA,"Surv(tstart, tstop, outcome_status) ~ days0_1 + days1_7 + days7_14 + days14_28 + days28_56 + days56_84 + days84_183 + days183_365 + days365_730 + days730_1065 + days1065_1582 + cov_cat_sex + rms::strat(strat_cat_region) + cluster(patient_id) + rms::rcs(cov_num_age, parms=knot_placement) + cov_cat_ethnicity + cov_cat_imd + cov_num_consrate2019 + cov_bin_hcworker + cov_bin_carehome + cov_bin_ami + cov_bin_dementia + cov_bin_liver_disease + cov_bin_ckd + cov_bin_cancer + cov_bin_hypertension + cov_bin_diabetes + cov_bin_depression + cov_bin_copd + cov_bin_stroke_all + cov_bin_other_ae + cov_bin_vte + cov_bin_hf + cov_bin_angina + cov_bin_lipidmed + cov_bin_antiplatelet + cov_bin_anticoagulant + cov_bin_cocp + cov_bin_hrt",R
cohort_prevax-main-ami,prevax,ami,main,,mdl_max_adj,days7_14,-2.03085565352598,0.066732686877107,0.131223191511214,0.115135070195051,0.149559347653301,4054,448,0,3129,NA,NA,"Surv(tstart, tstop, outcome_status) ~ days0_1 + days1_7 + days7_14 + days14_28 + days28_56 + days56_84 + days84_183 + days183_365 + days365_730 + days730_1065 + days1065_1582 + cov_cat_sex + rms::strat(strat_cat_region) + cluster(patient_id) + rms::rcs(cov_num_age, parms=knot_placement) + cov_cat_ethnicity + cov_cat_imd + cov_num_consrate2019 + cov_bin_hcworker + cov_bin_carehome + cov_bin_ami + cov_bin_dementia + cov_bin_liver_disease + cov_bin_ckd + cov_bin_cancer + cov_bin_hypertension + cov_bin_diabetes + cov_bin_depression + cov_bin_copd + cov_bin_stroke_all + cov_bin_other_ae + cov_bin_vte + cov_bin_hf + cov_bin_angina + cov_bin_lipidmed + cov_bin_antiplatelet + cov_bin_anticoagulant + cov_bin_cocp + cov_bin_hrt",R
cohort_prevax-main-ami,prevax,ami,main,,mdl_max_adj,days730_1065,-0.143020142346643,0.155653685618259,0.866736610610405,0.63884350530852,1.17592547459587,4054,448,45,105618,853,NA,"Surv(tstart, tstop, outcome_status) ~ days0_1 + days1_7 + days7_14 + days14_28 + days28_56 + days56_84 + days84_183 + days183_365 + days365_730 + days730_1065 + days1065_1582 + cov_cat_sex + rms::strat(strat_cat_region) + cluster(patient_id) + rms::rcs(cov_num_age, parms=knot_placement) + cov_cat_ethnicity + cov_cat_imd + cov_num_consrate2019 + cov_bin_hcworker + cov_bin_carehome + cov_bin_ami + cov_bin_dementia + cov_bin_liver_disease + cov_bin_ckd + cov_bin_cancer + cov_bin_hypertension + cov_bin_diabetes + cov_bin_depression + cov_bin_copd + cov_bin_stroke_all + cov_bin_other_ae + cov_bin_vte + cov_bin_hf + cov_bin_angina + cov_bin_lipidmed + cov_bin_antiplatelet + cov_bin_anticoagulant + cov_bin_cocp + cov_bin_hrt",R
cohort_prevax-main-ami,prevax,ami,main,,mdl_max_adj,days84_183,-0.606145626386226,0.353614582839931,0.545449187581272,0.272745139940592,1.09081619675377,4054,448,8,42247,94.5,NA,"Surv(tstart, tstop, outcome_status) ~ days0_1 + days1_7 + days7_14 + days14_28 + days28_56 + days56_84 + days84_183 + days183_365 + days365_730 + days730_1065 + days1065_1582 + cov_cat_sex + rms::strat(strat_cat_region) + cluster(patient_id) + rms::rcs(cov_num_age, parms=knot_placement) + cov_cat_ethnicity + cov_cat_imd + cov_num_consrate2019 + cov_bin_hcworker + cov_bin_carehome + cov_bin_ami + cov_bin_dementia + cov_bin_liver_disease + cov_bin_ckd + cov_bin_cancer + cov_bin_hypertension + cov_bin_diabetes + cov_bin_depression + cov_bin_copd + cov_bin_stroke_all + cov_bin_other_ae + cov_bin_vte + cov_bin_hf + cov_bin_angina + cov_bin_lipidmed + cov_bin_antiplatelet + cov_bin_anticoagulant + cov_bin_cocp + cov_bin_hrt",R
cohort_prevax-main-ami,prevax,ami,main,,mdl_max_adj,days_pre,NA,NA,NA,NA,NA,4054,448,1742,4228447,781.5,NA,"Surv(tstart, tstop, outcome_status) ~ days0_1 + days1_7 + days7_14 + days14_28 + days28_56 + days56_84 + days84_183 + days183_365 + days365_730 + days730_1065 + days1065_1582 + cov_cat_sex + rms::strat(strat_cat_region) + cluster(patient_id) + rms::rcs(cov_num_age, parms=knot_placement) + cov_cat_ethnicity + cov_cat_imd + cov_num_consrate2019 + cov_bin_hcworker + cov_bin_carehome + cov_bin_ami + cov_bin_dementia + cov_bin_liver_disease + cov_bin_ckd + cov_bin_cancer + cov_bin_hypertension + cov_bin_diabetes + cov_bin_depression + cov_bin_copd + cov_bin_stroke_all + cov_bin_other_ae + cov_bin_vte + cov_bin_hf + cov_bin_angina + cov_bin_lipidmed + cov_bin_antiplatelet + cov_bin_anticoagulant + cov_bin_cocp + cov_bin_hrt",R
cohort_prevax-main-stroke_sahhs,prevax,stroke_sahhs,main,,mdl_age_sex,cov_cat_sex=Male,-0.0704774187520021,0.0451148887583373,0.931948783854805,0.853080830361067,1.0181081379602,4054,434,NA,NA,NA,NA,"Surv(tstart, tstop, outcome_status) ~ days0_1 + days1_7 + days7_14 + days14_28 + days28_56 + days56_84 + days84_183 + days183_365 + days365_730 + days730_1065 + days1065_1582 + cov_cat_sex + rms::strat(strat_cat_region) + cluster(patient_id) + rms::rcs(cov_num_age, parms=knot_placement)",R
cohort_prevax-main-stroke_sahhs,prevax,stroke_sahhs,main,,mdl_age_sex,cov_num_age,-0.00226737285232348,0.0023318959475758,0.99773519569585,0.993185519669542,1.00230571329862,4054,434,NA,NA,NA,NA,"Surv(tstart, tstop, outcome_status) ~ days0_1 + days1_7 + days7_14 + days14_28 + days28_56 + days56_84 + days84_183 + days183_365 + days365_730 + days730_1065 + days1065_1582 + cov_cat_sex + rms::strat(strat_cat_region) + cluster(patient_id) + rms::rcs(cov_num_age, parms=knot_placement)",R
cohort_prevax-main-stroke_sahhs,prevax,stroke_sahhs,main,,mdl_age_sex,cov_num_age',0.00366352406984394,0.00298531220691787,1.0036702429766,0.997814810671719,1.00956003645463,4054,434,NA,NA,NA,NA,"Surv(tstart, tstop, outcome_status) ~ days0_1 + days1_7 + days7_14 + days14_28 + days28_56 + days56_84 + days84_183 + days183_365 + days365_730 + days730_1065 + days1065_1582 + cov_cat_sex + rms::strat(strat_cat_region) + cluster(patient_id) + rms::rcs(cov_num_age, parms=knot_placement)",R
cohort_prevax-main-stroke_sahhs,prevax,stroke_sahhs,main,,mdl_age_sex,days0_1,-2.00361428614234,0.084452317551526,0.134847025680612,0.114276104794335,0.15912093230368,4054,434,0,434,NA,NA,"Surv(tstart, tstop, outcome_status) ~ days0_1 + days1_7 + days7_14 + days14_28 + days28_56 + days56_84 + days84_183 + days183_365 + days365_730 + days730_1065 + days1065_1582 + cov_cat_sex + rms::strat(strat_cat_region) + cluster(patient_id) + rms::rcs(cov_num_age, parms=knot_placement)",R
cohort_prevax-main-stroke_sahhs,prevax,stroke_sahhs,main,,mdl_age_sex,days1_7,0.121540523378707,1.00196805844871,1.12923512542062,0.158455610497708,8.04750279575727,4054,434,1,2599,2,NA,"Surv(tstart, tstop, outcome_status) ~ days0_1 + days1_7 + days7_14 + days14_28 + days28_56 + days56_84 + days84_183 + days183_365 + days365_730 + days730_1065 + days1065_1582 + cov_cat_sex + rms::strat(strat_cat_region) + cluster(patient_id) + rms::rcs(cov_num_age, parms=knot_placement)",R
cohort_prevax-main-stroke_sahhs,prevax,stroke_sahhs,main,,mdl_age_sex,days1065_1582,0.0668125831806586,0.154400366437725,1.06909509299551,0.789933452637399,1.44691215956355,4054,434,45,73779,1285,NA,"Surv(tstart, tstop, outcome_status) ~ days0_1 + days1_7 + days7_14 + days14_28 + days28_56 + days56_84 + days84_183 + days183_365 + days365_730 + days730_1065 + days1065_1582 + cov_cat_sex + rms::strat(strat_cat_region) + cluster(patient_id) + rms::rcs(cov_num_age, parms=knot_placement)",R
cohort_prevax-main-stroke_sahhs,prevax,stroke_sahhs,main,,mdl_age_sex,days14_28,0.938632905504622,0.409934916163385,2.55648407296949,1.14473736347656,5.70926661771401,4054,434,5,6004,18,NA,"Surv(tstart, tstop, outcome_status) ~ days0_1 + days1_7 + days7_14 + days14_28 + days28_56 + days56_84 + days84_183 + days183_365 + days365_730 + days730_1065 + days1065_1582 + cov_cat_sex + rms::strat(strat_cat_region) + cluster(patient_id) + rms::rcs(cov_num_age, parms=knot_placement)",R
cohort_prevax-main-stroke_sahhs,prevax,stroke_sahhs,main,,mdl_age_sex,days183_365,0.161270627275733,0.18398389413818,1.17500291362716,0.819278520581908,1.68518008509693,4054,434,31,70119,274,NA,"Surv(tstart, tstop, outcome_status) ~ days0_1 + days1_7 + days7_14 + days14_28 + days28_56 + days56_84 + days84_183 + days183_365 + days365_730 + days730_1065 + days1065_1582 + cov_cat_sex + rms::strat(strat_cat_region) + cluster(patient_id) + rms::rcs(cov_num_age, parms=knot_placement)",R
cohort_prevax-main-stroke_sahhs,prevax,stroke_sahhs,main,,mdl_age_sex,days28_56,-0.04867872545349,0.503087646310504,0.952487090405206,0.355328561109142,2.55321906732375,4054,434,4,11907,44.5,NA,"Surv(tstart, tstop, outcome_status) ~ days0_1 + days1_7 + days7_14 + days14_28 + days28_56 + days56_84 + days84_183 + days183_365 + days365_730 + days730_1065 + days1065_1582 + cov_cat_sex + rms::strat(strat_cat_region) + cluster(patient_id) + rms::rcs(cov_num_age, parms=knot_placement)",R
cohort_prevax-main-stroke_sahhs,prevax,stroke_sahhs,main,,mdl_age_sex,days365_730,0.115414102482292,0.141595401329422,1.12233810435045,0.850349545100154,1.48132356597968,4054,434,55,120707,521,NA,"Surv(tstart, tstop, outcome_status) ~ days0_1 + days1_7 + days7_14 + days14_28 + days28_56 + days56_84 + days84_183 + days183_365 + days365_730 + days730_1065 + days1065_1582 + cov_cat_sex + rms::strat(strat_cat_region) + cluster(patient_id) + rms::rcs(cov_num_age, parms=knot_placement)",R
cohort_prevax-main-stroke_sahhs,prevax,stroke_sahhs,main,,mdl_age_sex,days56_84,0.35943316406687,0.407962317178062,1.43251718216716,0.643934488070017,3.18682337290963,4054,434,6,11737,75,NA,"Surv(tstart, tstop, outcome_status) ~ days0_1 + days1_7 + days7_14 + days14_28 + days28_56 + days56_84 + days84_183 + days183_365 + days365_730 + days730_1065 + days1065_1582 + cov_cat_sex + rms::strat(strat_cat_region) + cluster(patient_id) + rms::rcs(cov_num_age, parms=knot_placement)",R
cohort_prevax-main-stroke_sahhs,prevax,stroke_sahhs,main,,mdl_age_sex,days7_14,-0.0333855461257636,1.00222429060716,0.967165600746894,0.135645683649075,6.89597541259088,4054,434,1,3029,12,NA,"Surv(tstart, tstop, outcome_status) ~ days0_1 + days1_7 + days7_14 + days14_28 + days28_56 + days56_84 + days84_183 + days183_365 + days365_730 + days730_1065 + days1065_1582 + cov_cat_sex + rms::strat(strat_cat_region) + cluster(patient_id) + rms::rcs(cov_num_age, parms=knot_placement)",R
cohort_prevax-main-stroke_sahhs,prevax,stroke_sahhs,main,,mdl_age_sex,days730_1065,-0.0535459669752375,0.154905115677365,0.947862369636315,0.699664450899818,1.28410564609522,4054,434,44,94966,931,NA,"Surv(tstart, tstop, outcome_status) ~ days0_1 + days1_7 + days7_14 + days14_28 + days28_56 + days56_84 + days84_183 + days183_365 + days365_730 + days730_1065 + days1065_1582 + cov_cat_sex + rms::strat(strat_cat_region) + cluster(patient_id) + rms::rcs(cov_num_age, parms=knot_placement)",R
cohort_prevax-main-stroke_sahhs,prevax,stroke_sahhs,main,,mdl_age_sex,days84_183,-0.304591544193321,0.303871014371974,0.737424518211921,0.40650144782803,1.33774411620333,4054,434,11,40451,120,NA,"Surv(tstart, tstop, outcome_status) ~ days0_1 + days1_7 + days7_14 + days14_28 + days28_56 + days56_84 + days84_183 + days183_365 + days365_730 + days730_1065 + days1065_1582 + cov_cat_sex + rms::strat(strat_cat_region) + cluster(patient_id) + rms::rcs(cov_num_age, parms=knot_placement)",R
cohort_prevax-main-stroke_sahhs,prevax,stroke_sahhs,main,,mdl_age_sex,days_pre,NA,NA,NA,NA,NA,4054,434,1766,4213874,766,NA,"Surv(tstart, tstop, outcome_status) ~ days0_1 + days1_7 + days7_14 + days14_28 + days28_56 + days56_84 + days84_183 + days183_365 + days365_730 + days730_1065 + days1065_1582 + cov_cat_sex + rms::strat(strat_cat_region) + cluster(patient_id) + rms::rcs(cov_num_age, parms=knot_placement)",R
cohort_prevax-main-stroke_sahhs,prevax,stroke_sahhs,main,,mdl_max_adj,cov_bin_ami,-0.00864075583943176,0.0536773802029092,0.991396468199539,0.892394938858922,1.10138114231719,4054,434,NA,NA,NA,NA,"Surv(tstart, tstop, outcome_status) ~ days0_1 + days1_7 + days7_14 + days14_28 + days28_56 + days56_84 + days84_183 + days183_365 + days365_730 + days730_1065 + days1065_1582 + cov_cat_sex + rms::strat(strat_cat_region) + cluster(patient_id) + rms::rcs(cov_num_age, parms=knot_placement) + cov_cat_ethnicity + cov_cat_imd + cov_num_consrate2019 + cov_bin_hcworker + cov_bin_carehome + cov_bin_ami + cov_bin_dementia + cov_bin_liver_disease + cov_bin_ckd + cov_bin_cancer + cov_bin_hypertension + cov_bin_diabetes + cov_bin_depression + cov_bin_copd + cov_bin_stroke_all + cov_bin_other_ae + cov_bin_vte + cov_bin_hf + cov_bin_angina + cov_bin_lipidmed + cov_bin_antiplatelet + cov_bin_anticoagulant + cov_bin_cocp + cov_bin_hrt",R
cohort_prevax-main-stroke_sahhs,prevax,stroke_sahhs,main,,mdl_max_adj,cov_bin_angina,-0.0192891050465713,0.085229402791483,0.980895739337972,0.829994948012674,1.15923169623521,4054,434,NA,NA,NA,NA,"Surv(tstart, tstop, outcome_status) ~ days0_1 + days1_7 + days7_14 + days14_28 + days28_56 + days56_84 + days84_183 + days183_365 + days365_730 + days730_1065 + days1065_1582 + cov_cat_sex + rms::strat(strat_cat_region) + cluster(patient_id) + rms::rcs(cov_num_age, parms=knot_placement) + cov_cat_ethnicity + cov_cat_imd + cov_num_consrate2019 + cov_bin_hcworker + cov_bin_carehome + cov_bin_ami + cov_bin_dementia + cov_bin_liver_disease + cov_bin_ckd + cov_bin_cancer + cov_bin_hypertension + cov_bin_diabetes + cov_bin_depression + cov_bin_copd + cov_bin_stroke_all + cov_bin_other_ae + cov_bin_vte + cov_bin_hf + cov_bin_angina + cov_bin_lipidmed + cov_bin_antiplatelet + cov_bin_anticoagulant + cov_bin_cocp + cov_bin_hrt",R
cohort_prevax-main-stroke_sahhs,prevax,stroke_sahhs,main,,mdl_max_adj,cov_bin_anticoagulant,-0.0288644956253032,0.108935487859431,0.971548104565896,0.784762520622892,1.2027915384343,4054,434,NA,NA,NA,NA,"Surv(tstart, tstop, outcome_status) ~ days0_1 + days1_7 + days7_14 + days14_28 + days28_56 + days56_84 + days84_183 + days183_365 + days365_730 + days730_1065 + days1065_1582 + cov_cat_sex + rms::strat(strat_cat_region) + cluster(patient_id) + rms::rcs(cov_num_age, parms=knot_placement) + cov_cat_ethnicity + cov_cat_imd + cov_num_consrate2019 + cov_bin_hcworker + cov_bin_carehome + cov_bin_ami + cov_bin_dementia + cov_bin_liver_disease + cov_bin_ckd + cov_bin_cancer + cov_bin_hypertension + cov_bin_diabetes + cov_bin_depression + cov_bin_copd + cov_bin_stroke_all + cov_bin_other_ae + cov_bin_vte + cov_bin_hf + cov_bin_angina + cov_bin_lipidmed + cov_bin_antiplatelet + cov_bin_anticoagulant + cov_bin_cocp + cov_bin_hrt",R
cohort_prevax-main-stroke_sahhs,prevax,stroke_sahhs,main,,mdl_max_adj,cov_bin_antiplatelet,0.0958148233244329,0.081617273109042,1.10055524796148,0.937862346867265,1.29147081963722,4054,434,NA,NA,NA,NA,"Surv(tstart, tstop, outcome_status) ~ days0_1 + days1_7 + days7_14 + days14_28 + days28_56 + days56_84 + days84_183 + days183_365 + days365_730 + days730_1065 + days1065_1582 + cov_cat_sex + rms::strat(strat_cat_region) + cluster(patient_id) + rms::rcs(cov_num_age, parms=knot_placement) + cov_cat_ethnicity + cov_cat_imd + cov_num_consrate2019 + cov_bin_hcworker + cov_bin_carehome + cov_bin_ami + cov_bin_dementia + cov_bin_liver_disease + cov_bin_ckd + cov_bin_cancer + cov_bin_hypertension + cov_bin_diabetes + cov_bin_depression + cov_bin_copd + cov_bin_stroke_all + cov_bin_other_ae + cov_bin_vte + cov_bin_hf + cov_bin_angina + cov_bin_lipidmed + cov_bin_antiplatelet + cov_bin_anticoagulant + cov_bin_cocp + cov_bin_hrt",R
cohort_prevax-main-stroke_sahhs,prevax,stroke_sahhs,main,,mdl_max_adj,cov_bin_cancer,0.0255708009409156,0.0597636948396054,1.02590053842261,0.912503015815419,1.15339006720466,4054,434,NA,NA,NA,NA,"Surv(tstart, tstop, outcome_status) ~ days0_1 + days1_7 + days7_14 + days14_28 + days28_56 + days56_84 + days84_183 + days183_365 + days365_730 + days730_1065 + days1065_1582 + cov_cat_sex + rms::strat(strat_cat_region) + cluster(patient_id) + rms::rcs(cov_num_age, parms=knot_placement) + cov_cat_ethnicity + cov_cat_imd + cov_num_consrate2019 + cov_bin_hcworker + cov_bin_carehome + cov_bin_ami + cov_bin_dementia + cov_bin_liver_disease + cov_bin_ckd + cov_bin_cancer + cov_bin_hypertension + cov_bin_diabetes + cov_bin_depression + cov_bin_copd + cov_bin_stroke_all + cov_bin_other_ae + cov_bin_vte + cov_bin_hf + cov_bin_angina + cov_bin_lipidmed + cov_bin_antiplatelet + cov_bin_anticoagulant + cov_bin_cocp + cov_bin_hrt",R
cohort_prevax-main-stroke_sahhs,prevax,stroke_sahhs,main,,mdl_max_adj,cov_bin_carehome,-0.113403535291768,0.0638879418473146,0.892790315014666,0.787712896262198,1.01188459699747,4054,434,NA,NA,NA,NA,"Surv(tstart, tstop, outcome_status) ~ days0_1 + days1_7 + days7_14 + days14_28 + days28_56 + days56_84 + days84_183 + days183_365 + days365_730 + days730_1065 + days1065_1582 + cov_cat_sex + rms::strat(strat_cat_region) + cluster(patient_id) + rms::rcs(cov_num_age, parms=knot_placement) + cov_cat_ethnicity + cov_cat_imd + cov_num_consrate2019 + cov_bin_hcworker + cov_bin_carehome + cov_bin_ami + cov_bin_dementia + cov_bin_liver_disease + cov_bin_ckd + cov_bin_cancer + cov_bin_hypertension + cov_bin_diabetes + cov_bin_depression + cov_bin_copd + cov_bin_stroke_all + cov_bin_other_ae + cov_bin_vte + cov_bin_hf + cov_bin_angina + cov_bin_lipidmed + cov_bin_antiplatelet + cov_bin_anticoagulant + cov_bin_cocp + cov_bin_hrt",R
cohort_prevax-main-stroke_sahhs,prevax,stroke_sahhs,main,,mdl_max_adj,cov_bin_ckd,-0.0299387441776679,0.0547260629107956,0.970504980808421,0.871795974629146,1.08039030367698,4054,434,NA,NA,NA,NA,"Surv(tstart, tstop, outcome_status) ~ days0_1 + days1_7 + days7_14 + days14_28 + days28_56 + days56_84 + days84_183 + days183_365 + days365_730 + days730_1065 + days1065_1582 + cov_cat_sex + rms::strat(strat_cat_region) + cluster(patient_id) + rms::rcs(cov_num_age, parms=knot_placement) + cov_cat_ethnicity + cov_cat_imd + cov_num_consrate2019 + cov_bin_hcworker + cov_bin_carehome + cov_bin_ami + cov_bin_dementia + cov_bin_liver_disease + cov_bin_ckd + cov_bin_cancer + cov_bin_hypertension + cov_bin_diabetes + cov_bin_depression + cov_bin_copd + cov_bin_stroke_all + cov_bin_other_ae + cov_bin_vte + cov_bin_hf + cov_bin_angina + cov_bin_lipidmed + cov_bin_antiplatelet + cov_bin_anticoagulant + cov_bin_cocp + cov_bin_hrt",R
cohort_prevax-main-stroke_sahhs,prevax,stroke_sahhs,main,,mdl_max_adj,cov_bin_cocp,-0.043877766633415,0.128452717373442,0.957070936326149,0.744054892668956,1.23107150585965,4054,434,NA,NA,NA,NA,"Surv(tstart, tstop, outcome_status) ~ days0_1 + days1_7 + days7_14 + days14_28 + days28_56 + days56_84 + days84_183 + days183_365 + days365_730 + days730_1065 + days1065_1582 + cov_cat_sex + rms::strat(strat_cat_region) + cluster(patient_id) + rms::rcs(cov_num_age, parms=knot_placement) + cov_cat_ethnicity + cov_cat_imd + cov_num_consrate2019 + cov_bin_hcworker + cov_bin_carehome + cov_bin_ami + cov_bin_dementia + cov_bin_liver_disease + cov_bin_ckd + cov_bin_cancer + cov_bin_hypertension + cov_bin_diabetes + cov_bin_depression + cov_bin_copd + cov_bin_stroke_all + cov_bin_other_ae + cov_bin_vte + cov_bin_hf + cov_bin_angina + cov_bin_lipidmed + cov_bin_antiplatelet + cov_bin_anticoagulant + cov_bin_cocp + cov_bin_hrt",R
cohort_prevax-main-stroke_sahhs,prevax,stroke_sahhs,main,,mdl_max_adj,cov_bin_copd,-0.0321222099620199,0.0528664381499591,0.968388228158747,0.87307088909489206,1.07411181858168,4054,434,NA,NA,NA,NA,"Surv(tstart, tstop, outcome_status) ~ days0_1 + days1_7 + days7_14 + days14_28 + days28_56 + days56_84 + days84_183 + days183_365 + days365_730 + days730_1065 + days1065_1582 + cov_cat_sex + rms::strat(strat_cat_region) + cluster(patient_id) + rms::rcs(cov_num_age, parms=knot_placement) + cov_cat_ethnicity + cov_cat_imd + cov_num_consrate2019 + cov_bin_hcworker + cov_bin_carehome + cov_bin_ami + cov_bin_dementia + cov_bin_liver_disease + cov_bin_ckd + cov_bin_cancer + cov_bin_hypertension + cov_bin_diabetes + cov_bin_depression + cov_bin_copd + cov_bin_stroke_all + cov_bin_other_ae + cov_bin_vte + cov_bin_hf + cov_bin_angina + cov_bin_lipidmed + cov_bin_antiplatelet + cov_bin_anticoagulant + cov_bin_cocp + cov_bin_hrt",R
cohort_prevax-main-stroke_sahhs,prevax,stroke_sahhs,main,,mdl_max_adj,cov_bin_dementia,-0.0221051148839554,0.0720698919111442,0.978137412846589,0.849285808992182,1.12653807267257,4054,434,NA,NA,NA,NA,"Surv(tstart, tstop, outcome_status) ~ days0_1 + days1_7 + days7_14 + days14_28 + days28_56 + days56_84 + days84_183 + days183_365 + days365_730 + days730_1065 + days1065_1582 + cov_cat_sex + rms::strat(strat_cat_region) + cluster(patient_id) + rms::rcs(cov_num_age, parms=knot_placement) + cov_cat_ethnicity + cov_cat_imd + cov_num_consrate2019 + cov_bin_hcworker + cov_bin_carehome + cov_bin_ami + cov_bin_dementia + cov_bin_liver_disease + cov_bin_ckd + cov_bin_cancer + cov_bin_hypertension + cov_bin_diabetes + cov_bin_depression + cov_bin_copd + cov_bin_stroke_all + cov_bin_other_ae + cov_bin_vte + cov_bin_hf + cov_bin_angina + cov_bin_lipidmed + cov_bin_antiplatelet + cov_bin_anticoagulant + cov_bin_cocp + cov_bin_hrt",R
cohort_prevax-main-stroke_sahhs,prevax,stroke_sahhs,main,,mdl_max_adj,cov_bin_depression,-0.0339614313514993,0.0575261024148787,0.966608784713036,0.863543919711094,1.08197454855221,4054,434,NA,NA,NA,NA,"Surv(tstart, tstop, outcome_status) ~ days0_1 + days1_7 + days7_14 + days14_28 + days28_56 + days56_84 + days84_183 + days183_365 + days365_730 + days730_1065 + days1065_1582 + cov_cat_sex + rms::strat(strat_cat_region) + cluster(patient_id) + rms::rcs(cov_num_age, parms=knot_placement) + cov_cat_ethnicity + cov_cat_imd + cov_num_consrate2019 + cov_bin_hcworker + cov_bin_carehome + cov_bin_ami + cov_bin_dementia + cov_bin_liver_disease + cov_bin_ckd + cov_bin_cancer + cov_bin_hypertension + cov_bin_diabetes + cov_bin_depression + cov_bin_copd + cov_bin_stroke_all + cov_bin_other_ae + cov_bin_vte + cov_bin_hf + cov_bin_angina + cov_bin_lipidmed + cov_bin_antiplatelet + cov_bin_anticoagulant + cov_bin_cocp + cov_bin_hrt",R
cohort_prevax-main-stroke_sahhs,prevax,stroke_sahhs,main,,mdl_max_adj,cov_bin_diabetes,0.00704260621765315,0.0488249082414101,1.00706746368835,0.915163578393764,1.10820065435703,4054,434,NA,NA,NA,NA,"Surv(tstart, tstop, outcome_status) ~ days0_1 + days1_7 + days7_14 + days14_28 + days28_56 + days56_84 + days84_183 + days183_365 + days365_730 + days730_1065 + days1065_1582 + cov_cat_sex + rms::strat(strat_cat_region) + cluster(patient_id) + rms::rcs(cov_num_age, parms=knot_placement) + cov_cat_ethnicity + cov_cat_imd + cov_num_consrate2019 + cov_bin_hcworker + cov_bin_carehome + cov_bin_ami + cov_bin_dementia + cov_bin_liver_disease + cov_bin_ckd + cov_bin_cancer + cov_bin_hypertension + cov_bin_diabetes + cov_bin_depression + cov_bin_copd + cov_bin_stroke_all + cov_bin_other_ae + cov_bin_vte + cov_bin_hf + cov_bin_angina + cov_bin_lipidmed + cov_bin_antiplatelet + cov_bin_anticoagulant + cov_bin_cocp + cov_bin_hrt",R
cohort_prevax-main-stroke_sahhs,prevax,stroke_sahhs,main,,mdl_max_adj,cov_bin_hcworker,0.0275426772095165,0.0455238886383521,1.02792548316238,0.940181342324401,1.12385850619233,4054,434,NA,NA,NA,NA,"Surv(tstart, tstop, outcome_status) ~ days0_1 + days1_7 + days7_14 + days14_28 + days28_56 + days56_84 + days84_183 + days183_365 + days365_730 + days730_1065 + days1065_1582 + cov_cat_sex + rms::strat(strat_cat_region) + cluster(patient_id) + rms::rcs(cov_num_age, parms=knot_placement) + cov_cat_ethnicity + cov_cat_imd + cov_num_consrate2019 + cov_bin_hcworker + cov_bin_carehome + cov_bin_ami + cov_bin_dementia + cov_bin_liver_disease + cov_bin_ckd + cov_bin_cancer + cov_bin_hypertension + cov_bin_diabetes + cov_bin_depression + cov_bin_copd + cov_bin_stroke_all + cov_bin_other_ae + cov_bin_vte + cov_bin_hf + cov_bin_angina + cov_bin_lipidmed + cov_bin_antiplatelet + cov_bin_anticoagulant + cov_bin_cocp + cov_bin_hrt",R
cohort_prevax-main-stroke_sahhs,prevax,stroke_sahhs,main,,mdl_max_adj,cov_bin_hf,0.0496055954892019,0.0721413187729049,1.05085655206799,0.912297814613323,1.21045943039146,4054,434,NA,NA,NA,NA,"Surv(tstart, tstop, outcome_status) ~ days0_1 + days1_7 + days7_14 + days14_28 + days28_56 + days56_84 + days84_183 + days183_365 + days365_730 + days730_1065 + days1065_1582 + cov_cat_sex + rms::strat(strat_cat_region) + cluster(patient_id) + rms::rcs(cov_num_age, parms=knot_placement) + cov_cat_ethnicity + cov_cat_imd + cov_num_consrate2019 + cov_bin_hcworker + cov_bin_carehome + cov_bin_ami + cov_bin_dementia + cov_bin_liver_disease + cov_bin_ckd + cov_bin_cancer + cov_bin_hypertension + cov_bin_diabetes + cov_bin_depression + cov_bin_copd + cov_bin_stroke_all + cov_bin_other_ae + cov_bin_vte + cov_bin_hf + cov_bin_angina + cov_bin_lipidmed + cov_bin_antiplatelet + cov_bin_anticoagulant + cov_bin_cocp + cov_bin_hrt",R
cohort_prevax-main-stroke_sahhs,prevax,stroke_sahhs,main,,mdl_max_adj,cov_bin_hrt,0.121796887067945,0.0895707199395426,1.12952465741455,0.947660940802706,1.34628947630445,4054,434,NA,NA,NA,NA,"Surv(tstart, tstop, outcome_status) ~ days0_1 + days1_7 + days7_14 + days14_28 + days28_56 + days56_84 + days84_183 + days183_365 + days365_730 + days730_1065 + days1065_1582 + cov_cat_sex + rms::strat(strat_cat_region) + cluster(patient_id) + rms::rcs(cov_num_age, parms=knot_placement) + cov_cat_ethnicity + cov_cat_imd + cov_num_consrate2019 + cov_bin_hcworker + cov_bin_carehome + cov_bin_ami + cov_bin_dementia + cov_bin_liver_disease + cov_bin_ckd + cov_bin_cancer + cov_bin_hypertension + cov_bin_diabetes + cov_bin_depression + cov_bin_copd + cov_bin_stroke_all + cov_bin_other_ae + cov_bin_vte + cov_bin_hf + cov_bin_angina + cov_bin_lipidmed + cov_bin_antiplatelet + cov_bin_anticoagulant + cov_bin_cocp + cov_bin_hrt",R
cohort_prevax-main-stroke_sahhs,prevax,stroke_sahhs,main,,mdl_max_adj,cov_bin_hypertension,3.3543929291042e-4,0.0551074290818879,1.00033549555896,0.897921045646327,1.11443106109057,4054,434,NA,NA,NA,NA,"Surv(tstart, tstop, outcome_status) ~ days0_1 + days1_7 + days7_14 + days14_28 + days28_56 + days56_84 + days84_183 + days183_365 + days365_730 + days730_1065 + days1065_1582 + cov_cat_sex + rms::strat(strat_cat_region) + cluster(patient_id) + rms::rcs(cov_num_age, parms=knot_placement) + cov_cat_ethnicity + cov_cat_imd + cov_num_consrate2019 + cov_bin_hcworker + cov_bin_carehome + cov_bin_ami + cov_bin_dementia + cov_bin_liver_disease + cov_bin_ckd + cov_bin_cancer + cov_bin_hypertension + cov_bin_diabetes + cov_bin_depression + cov_bin_copd + cov_bin_stroke_all + cov_bin_other_ae + cov_bin_vte + cov_bin_hf + cov_bin_angina + cov_bin_lipidmed + cov_bin_antiplatelet + cov_bin_anticoagulant + cov_bin_cocp + cov_bin_hrt",R
cohort_prevax-main-stroke_sahhs,prevax,stroke_sahhs,main,,mdl_max_adj,cov_bin_lipidmed,0.0232104667639624,0.0585539707812695,1.0234819258095,0.91251276268505,1.14794586475308,4054,434,NA,NA,NA,NA,"Surv(tstart, tstop, outcome_status) ~ days0_1 + days1_7 + days7_14 + days14_28 + days28_56 + days56_84 + days84_183 + days183_365 + days365_730 + days730_1065 + days1065_1582 + cov_cat_sex + rms::strat(strat_cat_region) + cluster(patient_id) + rms::rcs(cov_num_age, parms=knot_placement) + cov_cat_ethnicity + cov_cat_imd + cov_num_consrate2019 + cov_bin_hcworker + cov_bin_carehome + cov_bin_ami + cov_bin_dementia + cov_bin_liver_disease + cov_bin_ckd + cov_bin_cancer + cov_bin_hypertension + cov_bin_diabetes + cov_bin_depression + cov_bin_copd + cov_bin_stroke_all + cov_bin_other_ae + cov_bin_vte + cov_bin_hf + cov_bin_angina + cov_bin_lipidmed + cov_bin_antiplatelet + cov_bin_anticoagulant + cov_bin_cocp + cov_bin_hrt",R
cohort_prevax-main-stroke_sahhs,prevax,stroke_sahhs,main,,mdl_max_adj,cov_bin_liver_disease,0.051906934022021,0.0573851280937643,1.05327771363136,0.941231786591567,1.17866178962133,4054,434,NA,NA,NA,NA,"Surv(tstart, tstop, outcome_status) ~ days0_1 + days1_7 + days7_14 + days14_28 + days28_56 + days56_84 + days84_183 + days183_365 + days365_730 + days730_1065 + days1065_1582 + cov_cat_sex + rms::strat(strat_cat_region) + cluster(patient_id) + rms::rcs(cov_num_age, parms=knot_placement) + cov_cat_ethnicity + cov_cat_imd + cov_num_consrate2019 + cov_bin_hcworker + cov_bin_carehome + cov_bin_ami + cov_bin_dementia + cov_bin_liver_disease + cov_bin_ckd + cov_bin_cancer + cov_bin_hypertension + cov_bin_diabetes + cov_bin_depression + cov_bin_copd + cov_bin_stroke_all + cov_bin_other_ae + cov_bin_vte + cov_bin_hf + cov_bin_angina + cov_bin_lipidmed + cov_bin_antiplatelet + cov_bin_anticoagulant + cov_bin_cocp + cov_bin_hrt",R
cohort_prevax-main-stroke_sahhs,prevax,stroke_sahhs,main,,mdl_max_adj,cov_bin_other_ae,-0.0552567489516595,0.0810802997211654,0.946242170077478,0.807210165684026,1.10922072404056,4054,434,NA,NA,NA,NA,"Surv(tstart, tstop, outcome_status) ~ days0_1 + days1_7 + days7_14 + days14_28 + days28_56 + days56_84 + days84_183 + days183_365 + days365_730 + days730_1065 + days1065_1582 + cov_cat_sex + rms::strat(strat_cat_region) + cluster(patient_id) + rms::rcs(cov_num_age, parms=knot_placement) + cov_cat_ethnicity + cov_cat_imd + cov_num_consrate2019 + cov_bin_hcworker + cov_bin_carehome + cov_bin_ami + cov_bin_dementia + cov_bin_liver_disease + cov_bin_ckd + cov_bin_cancer + cov_bin_hypertension + cov_bin_diabetes + cov_bin_depression + cov_bin_copd + cov_bin_stroke_all + cov_bin_other_ae + cov_bin_vte + cov_bin_hf + cov_bin_angina + cov_bin_lipidmed + cov_bin_antiplatelet + cov_bin_anticoagulant + cov_bin_cocp + cov_bin_hrt",R
cohort_prevax-main-stroke_sahhs,prevax,stroke_sahhs,main,,mdl_max_adj,cov_bin_stroke_all,0.0333390715967235,0.0504610174221148,1.03390104629308,0.936540318994841,1.14138318644219,4054,434,NA,NA,NA,NA,"Surv(tstart, tstop, outcome_status) ~ days0_1 + days1_7 + days7_14 + days14_28 + days28_56 + days56_84 + days84_183 + days183_365 + days365_730 + days730_1065 + days1065_1582 + cov_cat_sex + rms::strat(strat_cat_region) + cluster(patient_id) + rms::rcs(cov_num_age, parms=knot_placement) + cov_cat_ethnicity + cov_cat_imd + cov_num_consrate2019 + cov_bin_hcworker + cov_bin_carehome + cov_bin_ami + cov_bin_dementia + cov_bin_liver_disease + cov_bin_ckd + cov_bin_cancer + cov_bin_hypertension + cov_bin_diabetes + cov_bin_depression + cov_bin_copd + cov_bin_stroke_all + cov_bin_other_ae + cov_bin_vte + cov_bin_hf + cov_bin_angina + cov_bin_lipidmed + cov_bin_antiplatelet + cov_bin_anticoagulant + cov_bin_cocp + cov_bin_hrt",R
cohort_prevax-main-stroke_sahhs,prevax,stroke_sahhs,main,,mdl_max_adj,cov_bin_vte,-0.0857996590562876,0.0515622160154222,0.917778081330116,0.82956007783544,1.01537746219398,4054,434,NA,NA,NA,NA,"Surv(tstart, tstop, outcome_status) ~ days0_1 + days1_7 + days7_14 + days14_28 + days28_56 + days56_84 + days84_183 + days183_365 + days365_730 + days730_1065 + days1065_1582 + cov_cat_sex + rms::strat(strat_cat_region) + cluster(patient_id) + rms::rcs(cov_num_age, parms=knot_placement) + cov_cat_ethnicity + cov_cat_imd + cov_num_consrate2019 + cov_bin_hcworker + cov_bin_carehome + cov_bin_ami + cov_bin_dementia + cov_bin_liver_disease + cov_bin_ckd + cov_bin_cancer + cov_bin_hypertension + cov_bin_diabetes + cov_bin_depression + cov_bin_copd + cov_bin_stroke_all + cov_bin_other_ae + cov_bin_vte + cov_bin_hf + cov_bin_angina + cov_bin_lipidmed + cov_bin_antiplatelet + cov_bin_anticoagulant + cov_bin_cocp + cov_bin_hrt",R
cohort_prevax-main-stroke_sahhs,prevax,stroke_sahhs,main,,mdl_max_adj,cov_cat_ethnicity=Asian,0.124539291421198,0.119704780519079,1.13262652209171,0.895764471516742,1.43212069616181,4054,434,NA,NA,NA,NA,"Surv(tstart, tstop, outcome_status) ~ days0_1 + days1_7 + days7_14 + days14_28 + days28_56 + days56_84 + days84_183 + days183_365 + days365_730 + days730_1065 + days1065_1582 + cov_cat_sex + rms::strat(strat_cat_region) + cluster(patient_id) + rms::rcs(cov_num_age, parms=knot_placement) + cov_cat_ethnicity + cov_cat_imd + cov_num_consrate2019 + cov_bin_hcworker + cov_bin_carehome + cov_bin_ami + cov_bin_dementia + cov_bin_liver_disease + cov_bin_ckd + cov_bin_cancer + cov_bin_hypertension + cov_bin_diabetes + cov_bin_depression + cov_bin_copd + cov_bin_stroke_all + cov_bin_other_ae + cov_bin_vte + cov_bin_hf + cov_bin_angina + cov_bin_lipidmed + cov_bin_antiplatelet + cov_bin_anticoagulant + cov_bin_cocp + cov_bin_hrt",R
cohort_prevax-main-stroke_sahhs,prevax,stroke_sahhs,main,,mdl_max_adj,cov_cat_ethnicity=Black,-0.0842040021653401,0.127761623467269,0.919243709258631,0.71561556059064,1.18081417390383,4054,434,NA,NA,NA,NA,"Surv(tstart, tstop, outcome_status) ~ days0_1 + days1_7 + days7_14 + days14_28 + days28_56 + days56_84 + days84_183 + days183_365 + days365_730 + days730_1065 + days1065_1582 + cov_cat_sex + rms::strat(strat_cat_region) + cluster(patient_id) + rms::rcs(cov_num_age, parms=knot_placement) + cov_cat_ethnicity + cov_cat_imd + cov_num_consrate2019 + cov_bin_hcworker + cov_bin_carehome + cov_bin_ami + cov_bin_dementia + cov_bin_liver_disease + cov_bin_ckd + cov_bin_cancer + cov_bin_hypertension + cov_bin_diabetes + cov_bin_depression + cov_bin_copd + cov_bin_stroke_all + cov_bin_other_ae + cov_bin_vte + cov_bin_hf + cov_bin_angina + cov_bin_lipidmed + cov_bin_antiplatelet + cov_bin_anticoagulant + cov_bin_cocp + cov_bin_hrt",R
cohort_prevax-main-stroke_sahhs,prevax,stroke_sahhs,main,,mdl_max_adj,cov_cat_ethnicity=Missing,0.0603318753664094,0.0872786111725814,1.06218900242079,0.8951794668826,1.26035674253421,4054,434,NA,NA,NA,NA,"Surv(tstart, tstop, outcome_status) ~ days0_1 + days1_7 + days7_14 + days14_28 + days28_56 + days56_84 + days84_183 + days183_365 + days365_730 + days730_1065 + days1065_1582 + cov_cat_sex + rms::strat(strat_cat_region) + cluster(patient_id) + rms::rcs(cov_num_age, parms=knot_placement) + cov_cat_ethnicity + cov_cat_imd + cov_num_consrate2019 + cov_bin_hcworker + cov_bin_carehome + cov_bin_ami + cov_bin_dementia + cov_bin_liver_disease + cov_bin_ckd + cov_bin_cancer + cov_bin_hypertension + cov_bin_diabetes + cov_bin_depression + cov_bin_copd + cov_bin_stroke_all + cov_bin_other_ae + cov_bin_vte + cov_bin_hf + cov_bin_angina + cov_bin_lipidmed + cov_bin_antiplatelet + cov_bin_anticoagulant + cov_bin_cocp + cov_bin_hrt",R
cohort_prevax-main-stroke_sahhs,prevax,stroke_sahhs,main,,mdl_max_adj,cov_cat_ethnicity=Mixed,0.173779790642797,0.150931370757173,1.18979353330124,0.885112732988642,1.59935406996751,4054,434,NA,NA,NA,NA,"Surv(tstart, tstop, outcome_status) ~ days0_1 + days1_7 + days7_14 + days14_28 + days28_56 + days56_84 + days84_183 + days183_365 + days365_730 + days730_1065 + days1065_1582 + cov_cat_sex + rms::strat(strat_cat_region) + cluster(patient_id) + rms::rcs(cov_num_age, parms=knot_placement) + cov_cat_ethnicity + cov_cat_imd + cov_num_consrate2019 + cov_bin_hcworker + cov_bin_carehome + cov_bin_ami + cov_bin_dementia + cov_bin_liver_disease + cov_bin_ckd + cov_bin_cancer + cov_bin_hypertension + cov_bin_diabetes + cov_bin_depression + cov_bin_copd + cov_bin_stroke_all + cov_bin_other_ae + cov_bin_vte + cov_bin_hf + cov_bin_angina + cov_bin_lipidmed + cov_bin_antiplatelet + cov_bin_anticoagulant + cov_bin_cocp + cov_bin_hrt",R
cohort_prevax-main-stroke_sahhs,prevax,stroke_sahhs,main,,mdl_max_adj,cov_cat_ethnicity=Other,0.0949454028915691,0.112107320083138,1.09959881857128,0.882690272771328,1.36980954599982,4054,434,NA,NA,NA,NA,"Surv(tstart, tstop, outcome_status) ~ days0_1 + days1_7 + days7_14 + days14_28 + days28_56 + days56_84 + days84_183 + days183_365 + days365_730 + days730_1065 + days1065_1582 + cov_cat_sex + rms::strat(strat_cat_region) + cluster(patient_id) + rms::rcs(cov_num_age, parms=knot_placement) + cov_cat_ethnicity + cov_cat_imd + cov_num_consrate2019 + cov_bin_hcworker + cov_bin_carehome + cov_bin_ami + cov_bin_dementia + cov_bin_liver_disease + cov_bin_ckd + cov_bin_cancer + cov_bin_hypertension + cov_bin_diabetes + cov_bin_depression + cov_bin_copd + cov_bin_stroke_all + cov_bin_other_ae + cov_bin_vte + cov_bin_hf + cov_bin_angina + cov_bin_lipidmed + cov_bin_antiplatelet + cov_bin_anticoagulant + cov_bin_cocp + cov_bin_hrt",R
cohort_prevax-main-stroke_sahhs,prevax,stroke_sahhs,main,,mdl_max_adj,cov_cat_imd=2,-0.0817156408664097,0.0724069473097335,0.921533968042935,0.799610416082762,1.06204826397491,4054,434,NA,NA,NA,NA,"Surv(tstart, tstop, outcome_status) ~ days0_1 + days1_7 + days7_14 + days14_28 + days28_56 + days56_84 + days84_183 + days183_365 + days365_730 + days730_1065 + days1065_1582 + cov_cat_sex + rms::strat(strat_cat_region) + cluster(patient_id) + rms::rcs(cov_num_age, parms=knot_placement) + cov_cat_ethnicity + cov_cat_imd + cov_num_consrate2019 + cov_bin_hcworker + cov_bin_carehome + cov_bin_ami + cov_bin_dementia + cov_bin_liver_disease + cov_bin_ckd + cov_bin_cancer + cov_bin_hypertension + cov_bin_diabetes + cov_bin_depression + cov_bin_copd + cov_bin_stroke_all + cov_bin_other_ae + cov_bin_vte + cov_bin_hf + cov_bin_angina + cov_bin_lipidmed + cov_bin_antiplatelet + cov_bin_anticoagulant + cov_bin_cocp + cov_bin_hrt",R
cohort_prevax-main-stroke_sahhs,prevax,stroke_sahhs,main,,mdl_max_adj,cov_cat_imd=3,-0.142720359360485,0.074255791236661,0.866996482450378,0.749567402276458,1.00282229229612,4054,434,NA,NA,NA,NA,"Surv(tstart, tstop, outcome_status) ~ days0_1 + days1_7 + days7_14 + days14_28 + days28_56 + days56_84 + days84_183 + days183_365 + days365_730 + days730_1065 + days1065_1582 + cov_cat_sex + rms::strat(strat_cat_region) + cluster(patient_id) + rms::rcs(cov_num_age, parms=knot_placement) + cov_cat_ethnicity + cov_cat_imd + cov_num_consrate2019 + cov_bin_hcworker + cov_bin_carehome + cov_bin_ami + cov_bin_dementia + cov_bin_liver_disease + cov_bin_ckd + cov_bin_cancer + cov_bin_hypertension + cov_bin_diabetes + cov_bin_depression + cov_bin_copd + cov_bin_stroke_all + cov_bin_other_ae + cov_bin_vte + cov_bin_hf + cov_bin_angina + cov_bin_lipidmed + cov_bin_antiplatelet + cov_bin_anticoagulant + cov_bin_cocp + cov_bin_hrt",R
cohort_prevax-main-stroke_sahhs,prevax,stroke_sahhs,main,,mdl_max_adj,cov_cat_imd=4,0.049541539175253,0.0720025241565429,1.05078924022667,0.912487570518778,1.21005267693498,4054,434,NA,NA,NA,NA,"Surv(tstart, tstop, outcome_status) ~ days0_1 + days1_7 + days7_14 + days14_28 + days28_56 + days56_84 + days84_183 + days183_365 + days365_730 + days730_1065 + days1065_1582 + cov_cat_sex + rms::strat(strat_cat_region) + cluster(patient_id) + rms::rcs(cov_num_age, parms=knot_placement) + cov_cat_ethnicity + cov_cat_imd + cov_num_consrate2019 + cov_bin_hcworker + cov_bin_carehome + cov_bin_ami + cov_bin_dementia + cov_bin_liver_disease + cov_bin_ckd + cov_bin_cancer + cov_bin_hypertension + cov_bin_diabetes + cov_bin_depression + cov_bin_copd + cov_bin_stroke_all + cov_bin_other_ae + cov_bin_vte + cov_bin_hf + cov_bin_angina + cov_bin_lipidmed + cov_bin_antiplatelet + cov_bin_anticoagulant + cov_bin_cocp + cov_bin_hrt",R
cohort_prevax-main-stroke_sahhs,prevax,stroke_sahhs,main,,mdl_max_adj,cov_cat_imd=5 (least deprived),0.0259175730253686,0.0704502040018819,1.02625635378061,0.893899175258304,1.17821129365147,4054,434,NA,NA,NA,NA,"Surv(tstart, tstop, outcome_status) ~ days0_1 + days1_7 + days7_14 + days14_28 + days28_56 + days56_84 + days84_183 + days183_365 + days365_730 + days730_1065 + days1065_1582 + cov_cat_sex + rms::strat(strat_cat_region) + cluster(patient_id) + rms::rcs(cov_num_age, parms=knot_placement) + cov_cat_ethnicity + cov_cat_imd + cov_num_consrate2019 + cov_bin_hcworker + cov_bin_carehome + cov_bin_ami + cov_bin_dementia + cov_bin_liver_disease + cov_bin_ckd + cov_bin_cancer + cov_bin_hypertension + cov_bin_diabetes + cov_bin_depression + cov_bin_copd + cov_bin_stroke_all + cov_bin_other_ae + cov_bin_vte + cov_bin_hf + cov_bin_angina + cov_bin_lipidmed + cov_bin_antiplatelet + cov_bin_anticoagulant + cov_bin_cocp + cov_bin_hrt",R
cohort_prevax-main-stroke_sahhs,prevax,stroke_sahhs,main,,mdl_max_adj,cov_cat_sex=Male,-0.0792926329100801,0.0455488211025357,0.923769559513734,0.844874923751987,1.01003139647532,4054,434,NA,NA,NA,NA,"Surv(tstart, tstop, outcome_status) ~ days0_1 + days1_7 + days7_14 + days14_28 + days28_56 + days56_84 + days84_183 + days183_365 + days365_730 + days730_1065 + days1065_1582 + cov_cat_sex + rms::strat(strat_cat_region) + cluster(patient_id) + rms::rcs(cov_num_age, parms=knot_placement) + cov_cat_ethnicity + cov_cat_imd + cov_num_consrate2019 + cov_bin_hcworker + cov_bin_carehome + cov_bin_ami + cov_bin_dementia + cov_bin_liver_disease + cov_bin_ckd + cov_bin_cancer + cov_bin_hypertension + cov_bin_diabetes + cov_bin_depression + cov_bin_copd + cov_bin_stroke_all + cov_bin_other_ae + cov_bin_vte + cov_bin_hf + cov_bin_angina + cov_bin_lipidmed + cov_bin_antiplatelet + cov_bin_anticoagulant + cov_bin_cocp + cov_bin_hrt",R
cohort_prevax-main-stroke_sahhs,prevax,stroke_sahhs,main,,mdl_max_adj,cov_num_age,-0.0020502207923078,0.00234573653531395,0.997951879474758,0.99337426768725,1.00255058555709,4054,434,NA,NA,NA,NA,"Surv(tstart, tstop, outcome_status) ~ days0_1 + days1_7 + days7_14 + days14_28 + days28_56 + days56_84 + days84_183 + days183_365 + days365_730 + days730_1065 + days1065_1582 + cov_cat_sex + rms::strat(strat_cat_region) + cluster(patient_id) + rms::rcs(cov_num_age, parms=knot_placement) + cov_cat_ethnicity + cov_cat_imd + cov_num_consrate2019 + cov_bin_hcworker + cov_bin_carehome + cov_bin_ami + cov_bin_dementia + cov_bin_liver_disease + cov_bin_ckd + cov_bin_cancer + cov_bin_hypertension + cov_bin_diabetes + cov_bin_depression + cov_bin_copd + cov_bin_stroke_all + cov_bin_other_ae + cov_bin_vte + cov_bin_hf + cov_bin_angina + cov_bin_lipidmed + cov_bin_antiplatelet + cov_bin_anticoagulant + cov_bin_cocp + cov_bin_hrt",R
cohort_prevax-main-stroke_sahhs,prevax,stroke_sahhs,main,,mdl_max_adj,cov_num_age',0.00346955656464709,0.00300671315515847,1.00347558244305,0.9975794413568,1.00940657236266,4054,434,NA,NA,NA,NA,"Surv(tstart, tstop, outcome_status) ~ days0_1 + days1_7 + days7_14 + days14_28 + days28_56 + days56_84 + days84_183 + days183_365 + days365_730 + days730_1065 + days1065_1582 + cov_cat_sex + rms::strat(strat_cat_region) + cluster(patient_id) + rms::rcs(cov_num_age, parms=knot_placement) + cov_cat_ethnicity + cov_cat_imd + cov_num_consrate2019 + cov_bin_hcworker + cov_bin_carehome + cov_bin_ami + cov_bin_dementia + cov_bin_liver_disease + cov_bin_ckd + cov_bin_cancer + cov_bin_hypertension + cov_bin_diabetes + cov_bin_depression + cov_bin_copd + cov_bin_stroke_all + cov_bin_other_ae + cov_bin_vte + cov_bin_hf + cov_bin_angina + cov_bin_lipidmed + cov_bin_antiplatelet + cov_bin_anticoagulant + cov_bin_cocp + cov_bin_hrt",R
cohort_prevax-main-stroke_sahhs,prevax,stroke_sahhs,main,,mdl_max_adj,cov_num_consrate2019,0.179366885116328,0.104854979161799,1.19645962688258,0.974193726142195,1.46943631471413,4054,434,NA,NA,NA,NA,"Surv(tstart, tstop, outcome_status) ~ days0_1 + days1_7 + days7_14 + days14_28 + days28_56 + days56_84 + days84_183 + days183_365 + days365_730 + days730_1065 + days1065_1582 + cov_cat_sex + rms::strat(strat_cat_region) + cluster(patient_id) + rms::rcs(cov_num_age, parms=knot_placement) + cov_cat_ethnicity + cov_cat_imd + cov_num_consrate2019 + cov_bin_hcworker + cov_bin_carehome + cov_bin_ami + cov_bin_dementia + cov_bin_liver_disease + cov_bin_ckd + cov_bin_cancer + cov_bin_hypertension + cov_bin_diabetes + cov_bin_depression + cov_bin_copd + cov_bin_stroke_all + cov_bin_other_ae + cov_bin_vte + cov_bin_hf + cov_bin_angina + cov_bin_lipidmed + cov_bin_antiplatelet + cov_bin_anticoagulant + cov_bin_cocp + cov_bin_hrt",R
cohort_prevax-main-stroke_sahhs,prevax,stroke_sahhs,main,,mdl_max_adj,days0_1,-2.00689342033571,0.0857155441344683,0.134405568382261,0.113620333145535,0.158993168846104,4054,434,0,434,NA,NA,"Surv(tstart, tstop, outcome_status) ~ days0_1 + days1_7 + days7_14 + days14_28 + days28_56 + days56_84 + days84_183 + days183_365 + days365_730 + days730_1065 + days1065_1582 + cov_cat_sex + rms::strat(strat_cat_region) + cluster(patient_id) + rms::rcs(cov_num_age, parms=knot_placement) + cov_cat_ethnicity + cov_cat_imd + cov_num_consrate2019 + cov_bin_hcworker + cov_bin_carehome + cov_bin_ami + cov_bin_dementia + cov_bin_liver_disease + cov_bin_ckd + cov_bin_cancer + cov_bin_hypertension + cov_bin_diabetes + cov_bin_depression + cov_bin_copd + cov_bin_stroke_all + cov_bin_other_ae + cov_bin_vte + cov_bin_hf + cov_bin_angina + cov_bin_lipidmed + cov_bin_antiplatelet + cov_bin_anticoagulant + cov_bin_cocp + cov_bin_hrt",R
cohort_prevax-main-stroke_sahhs,prevax,stroke_sahhs,main,,mdl_max_adj,days1_7,0.126637774902999,1.00194631740918,1.13500581572043,0.159272147301678,8.08828300204394,4054,434,1,2599,2,NA,"Surv(tstart, tstop, outcome_status) ~ days0_1 + days1_7 + days7_14 + days14_28 + days28_56 + days56_84 + days84_183 + days183_365 + days365_730 + days730_1065 + days1065_1582 + cov_cat_sex + rms::strat(strat_cat_region) + cluster(patient_id) + rms::rcs(cov_num_age, parms=knot_placement) + cov_cat_ethnicity + cov_cat_imd + cov_num_consrate2019 + cov_bin_hcworker + cov_bin_carehome + cov_bin_ami + cov_bin_dementia + cov_bin_liver_disease + cov_bin_ckd + cov_bin_cancer + cov_bin_hypertension + cov_bin_diabetes + cov_bin_depression + cov_bin_copd + cov_bin_stroke_all + cov_bin_other_ae + cov_bin_vte + cov_bin_hf + cov_bin_angina + cov_bin_lipidmed + cov_bin_antiplatelet + cov_bin_anticoagulant + cov_bin_cocp + cov_bin_hrt",R
cohort_prevax-main-stroke_sahhs,prevax,stroke_sahhs,main,,mdl_max_adj,days1065_1582,0.0815355147996146,0.155147234471756,1.08495174874373,0.8004770015486,1.4705235688531,4054,434,45,73779,1285,NA,"Surv(tstart, tstop, outcome_status) ~ days0_1 + days1_7 + days7_14 + days14_28 + days28_56 + days56_84 + days84_183 + days183_365 + days365_730 + days730_1065 + days1065_1582 + cov_cat_sex + rms::strat(strat_cat_region) + cluster(patient_id) + rms::rcs(cov_num_age, parms=knot_placement) + cov_cat_ethnicity + cov_cat_imd + cov_num_consrate2019 + cov_bin_hcworker + cov_bin_carehome + cov_bin_ami + cov_bin_dementia + cov_bin_liver_disease + cov_bin_ckd + cov_bin_cancer + cov_bin_hypertension + cov_bin_diabetes + cov_bin_depression + cov_bin_copd + cov_bin_stroke_all + cov_bin_other_ae + cov_bin_vte + cov_bin_hf + cov_bin_angina + cov_bin_lipidmed + cov_bin_antiplatelet + cov_bin_anticoagulant + cov_bin_cocp + cov_bin_hrt",R
cohort_prevax-main-stroke_sahhs,prevax,stroke_sahhs,main,,mdl_max_adj,days14_28,0.942482551974735,0.409896290197446,2.56634460045174,1.14923969137368,5.7308537615817,4054,434,5,6004,18,NA,"Surv(tstart, tstop, outcome_status) ~ days0_1 + days1_7 + days7_14 + days14_28 + days28_56 + days56_84 + days84_183 + days183_365 + days365_730 + days730_1065 + days1065_1582 + cov_cat_sex + rms::strat(strat_cat_region) + cluster(patient_id) + rms::rcs(cov_num_age, parms=knot_placement) + cov_cat_ethnicity + cov_cat_imd + cov_num_consrate2019 + cov_bin_hcworker + cov_bin_carehome + cov_bin_ami + cov_bin_dementia + cov_bin_liver_disease + cov_bin_ckd + cov_bin_cancer + cov_bin_hypertension + cov_bin_diabetes + cov_bin_depression + cov_bin_copd + cov_bin_stroke_all + cov_bin_other_ae + cov_bin_vte + cov_bin_hf + cov_bin_angina + cov_bin_lipidmed + cov_bin_antiplatelet + cov_bin_anticoagulant + cov_bin_cocp + cov_bin_hrt",R
cohort_prevax-main-stroke_sahhs,prevax,stroke_sahhs,main,,mdl_max_adj,days183_365,0.167256956144378,0.184197728311459,1.18205796334485,0.823852345585457,1.69600904360359,4054,434,31,70119,274,NA,"Surv(tstart, tstop, outcome_status) ~ days0_1 + days1_7 + days7_14 + days14_28 + days28_56 + days56_84 + days84_183 + days183_365 + days365_730 + days730_1065 + days1065_1582 + cov_cat_sex + rms::strat(strat_cat_region) + cluster(patient_id) + rms::rcs(cov_num_age, parms=knot_placement) + cov_cat_ethnicity + cov_cat_imd + cov_num_consrate2019 + cov_bin_hcworker + cov_bin_carehome + cov_bin_ami + cov_bin_dementia + cov_bin_liver_disease + cov_bin_ckd + cov_bin_cancer + cov_bin_hypertension + cov_bin_diabetes + cov_bin_depression + cov_bin_copd + cov_bin_stroke_all + cov_bin_other_ae + cov_bin_vte + cov_bin_hf + cov_bin_angina + cov_bin_lipidmed + cov_bin_antiplatelet + cov_bin_anticoagulant + cov_bin_cocp + cov_bin_hrt",R
cohort_prevax-main-stroke_sahhs,prevax,stroke_sahhs,main,,mdl_max_adj,days28_56,-0.0425857860783261,0.503020866161819,0.958308252487822,0.357546960573367,2.56848696270156,4054,434,4,11907,44.5,NA,"Surv(tstart, tstop, outcome_status) ~ days0_1 + days1_7 + days7_14 + days14_28 + days28_56 + days56_84 + days84_183 + days183_365 + days365_730 + days730_1065 + days1065_1582 + cov_cat_sex + rms::strat(strat_cat_region) + cluster(patient_id) + rms::rcs(cov_num_age, parms=knot_placement) + cov_cat_ethnicity + cov_cat_imd + cov_num_consrate2019 + cov_bin_hcworker + cov_bin_carehome + cov_bin_ami + cov_bin_dementia + cov_bin_liver_disease + cov_bin_ckd + cov_bin_cancer + cov_bin_hypertension + cov_bin_diabetes + cov_bin_depression + cov_bin_copd + cov_bin_stroke_all + cov_bin_other_ae + cov_bin_vte + cov_bin_hf + cov_bin_angina + cov_bin_lipidmed + cov_bin_antiplatelet + cov_bin_anticoagulant + cov_bin_cocp + cov_bin_hrt",R
cohort_prevax-main-stroke_sahhs,prevax,stroke_sahhs,main,,mdl_max_adj,days365_730,0.122403885900611,0.141771352433628,1.13021048569049,0.856018869813397,1.49222848585475,4054,434,55,120707,521,NA,"Surv(tstart, tstop, outcome_status) ~ days0_1 + days1_7 + days7_14 + days14_28 + days28_56 + days56_84 + days84_183 + days183_365 + days365_730 + days730_1065 + days1065_1582 + cov_cat_sex + rms::strat(strat_cat_region) + cluster(patient_id) + rms::rcs(cov_num_age, parms=knot_placement) + cov_cat_ethnicity + cov_cat_imd + cov_num_consrate2019 + cov_bin_hcworker + cov_bin_carehome + cov_bin_ami + cov_bin_dementia + cov_bin_liver_disease + cov_bin_ckd + cov_bin_cancer + cov_bin_hypertension + cov_bin_diabetes + cov_bin_depression + cov_bin_copd + cov_bin_stroke_all + cov_bin_other_ae + cov_bin_vte + cov_bin_hf + cov_bin_angina + cov_bin_lipidmed + cov_bin_antiplatelet + cov_bin_anticoagulant + cov_bin_cocp + cov_bin_hrt",R
cohort_prevax-main-stroke_sahhs,prevax,stroke_sahhs,main,,mdl_max_adj,days56_84,0.365711657376418,0.408012696513485,1.44153952543414,0.647926164350777,3.20721143507313,4054,434,6,11737,75,NA,"Surv(tstart, tstop, outcome_status) ~ days0_1 + days1_7 + days7_14 + days14_28 + days28_56 + days56_84 + days84_183 + days183_365 + days365_730 + days730_1065 + days1065_1582 + cov_cat_sex + rms::strat(strat_cat_region) + cluster(patient_id) + rms::rcs(cov_num_age, parms=knot_placement) + cov_cat_ethnicity + cov_cat_imd + cov_num_consrate2019 + cov_bin_hcworker + cov_bin_carehome + cov_bin_ami + cov_bin_dementia + cov_bin_liver_disease + cov_bin_ckd + cov_bin_cancer + cov_bin_hypertension + cov_bin_diabetes + cov_bin_depression + cov_bin_copd + cov_bin_stroke_all + cov_bin_other_ae + cov_bin_vte + cov_bin_hf + cov_bin_angina + cov_bin_lipidmed + cov_bin_antiplatelet + cov_bin_anticoagulant + cov_bin_cocp + cov_bin_hrt",R
cohort_prevax-main-stroke_sahhs,prevax,stroke_sahhs,main,,mdl_max_adj,days7_14,-0.0285277313789943,1.00230752917923,0.971875342328979,0.136283992542678,6.93068689436351,4054,434,1,3029,12,NA,"Surv(tstart, tstop, outcome_status) ~ days0_1 + days1_7 + days7_14 + days14_28 + days28_56 + days56_84 + days84_183 + days183_365 + days365_730 + days730_1065 + days1065_1582 + cov_cat_sex + rms::strat(strat_cat_region) + cluster(patient_id) + rms::rcs(cov_num_age, parms=knot_placement) + cov_cat_ethnicity + cov_cat_imd + cov_num_consrate2019 + cov_bin_hcworker + cov_bin_carehome + cov_bin_ami + cov_bin_dementia + cov_bin_liver_disease + cov_bin_ckd + cov_bin_cancer + cov_bin_hypertension + cov_bin_diabetes + cov_bin_depression + cov_bin_copd + cov_bin_stroke_all + cov_bin_other_ae + cov_bin_vte + cov_bin_hf + cov_bin_angina + cov_bin_lipidmed + cov_bin_antiplatelet + cov_bin_anticoagulant + cov_bin_cocp + cov_bin_hrt",R
cohort_prevax-main-stroke_sahhs,prevax,stroke_sahhs,main,,mdl_max_adj,days730_1065,-0.0434507793076764,0.154765011897187,0.957479680743926,0.706957570238726,1.2967784455974,4054,434,44,94966,931,NA,"Surv(tstart, tstop, outcome_status) ~ days0_1 + days1_7 + days7_14 + days14_28 + days28_56 + days56_84 + days84_183 + days183_365 + days365_730 + days730_1065 + days1065_1582 + cov_cat_sex + rms::strat(strat_cat_region) + cluster(patient_id) + rms::rcs(cov_num_age, parms=knot_placement) + cov_cat_ethnicity + cov_cat_imd + cov_num_consrate2019 + cov_bin_hcworker + cov_bin_carehome + cov_bin_ami + cov_bin_dementia + cov_bin_liver_disease + cov_bin_ckd + cov_bin_cancer + cov_bin_hypertension + cov_bin_diabetes + cov_bin_depression + cov_bin_copd + cov_bin_stroke_all + cov_bin_other_ae + cov_bin_vte + cov_bin_hf + cov_bin_angina + cov_bin_lipidmed + cov_bin_antiplatelet + cov_bin_anticoagulant + cov_bin_cocp + cov_bin_hrt",R
cohort_prevax-main-stroke_sahhs,prevax,stroke_sahhs,main,,mdl_max_adj,days84_183,-0.298891770887584,0.303895486776237,0.741639672094997,0.408805420748208,1.345455258931,4054,434,11,40451,120,NA,"Surv(tstart, tstop, outcome_status) ~ days0_1 + days1_7 + days7_14 + days14_28 + days28_56 + days56_84 + days84_183 + days183_365 + days365_730 + days730_1065 + days1065_1582 + cov_cat_sex + rms::strat(strat_cat_region) + cluster(patient_id) + rms::rcs(cov_num_age, parms=knot_placement) + cov_cat_ethnicity + cov_cat_imd + cov_num_consrate2019 + cov_bin_hcworker + cov_bin_carehome + cov_bin_ami + cov_bin_dementia + cov_bin_liver_disease + cov_bin_ckd + cov_bin_cancer + cov_bin_hypertension + cov_bin_diabetes + cov_bin_depression + cov_bin_copd + cov_bin_stroke_all + cov_bin_other_ae + cov_bin_vte + cov_bin_hf + cov_bin_angina + cov_bin_lipidmed + cov_bin_antiplatelet + cov_bin_anticoagulant + cov_bin_cocp + cov_bin_hrt",R
cohort_prevax-main-stroke_sahhs,prevax,stroke_sahhs,main,,mdl_max_adj,days_pre,NA,NA,NA,NA,NA,4054,434,1766,4213874,766,NA,"Surv(tstart, tstop, outcome_status) ~ days0_1 + days1_7 + days7_14 + days14_28 + days28_56 + days56_84 + days84_183 + days183_365 + days365_730 + days730_1065 + days1065_1582 + cov_cat_sex + rms::strat(strat_cat_region) + cluster(patient_id) + rms::rcs(cov_num_age, parms=knot_placement) + cov_cat_ethnicity + cov_cat_imd + cov_num_consrate2019 + cov_bin_hcworker + cov_bin_carehome + cov_bin_ami + cov_bin_dementia + cov_bin_liver_disease + cov_bin_ckd + cov_bin_cancer + cov_bin_hypertension + cov_bin_diabetes + cov_bin_depression + cov_bin_copd + cov_bin_stroke_all + cov_bin_other_ae + cov_bin_vte + cov_bin_hf + cov_bin_angina + cov_bin_lipidmed + cov_bin_antiplatelet + cov_bin_anticoagulant + cov_bin_cocp + cov_bin_hrt",R
