name,cohort,outcome,analysis,error,model,term,lnhr,se_lnhr,hr,conf_low,conf_high,person_time_total,outcome_time_median,strata_warning,surv_formula,source,N_total_midpoint6,N_exposed_midpoint6,N_events_midpoint6
cohort_prevax-main-ami,prevax,ami,main,,mdl_age_sex,cov_cat_sex=Male,-0.064652505127752,0.0453937166340379,0.937393146099138,0.857595655247076,1.02461562739667,NA,NA,NA,"Surv(tstart, tstop, outcome_status) ~ days0_1 + days1_7 + days7_14 + days14_28 + days28_56 + days56_84 + days84_183 + days183_365 + days365_730 + days730_1065 + days1065_1582 + cov_cat_sex + rms::strat(strat_cat_region) + cluster(patient_id) + rms::rcs(cov_num_age, parms=knot_placement)",R,4053,447,NA
cohort_prevax-main-ami,prevax,ami,main,,mdl_age_sex,cov_num_age,-0.00322504761526648,0.00233400191166585,0.996780147264715,0.992230730708957,1.00135042307262,NA,NA,NA,"Surv(tstart, tstop, outcome_status) ~ days0_1 + days1_7 + days7_14 + days14_28 + days28_56 + days56_84 + days84_183 + days183_365 + days365_730 + days730_1065 + days1065_1582 + cov_cat_sex + rms::strat(strat_cat_region) + cluster(patient_id) + rms::rcs(cov_num_age, parms=knot_placement)",R,4053,447,NA
cohort_prevax-main-ami,prevax,ami,main,,mdl_age_sex,cov_num_age',0.0024384837051464,0.00298012550952381,1.00244145922463,0.996603326827672,1.00831379157755,NA,NA,NA,"Surv(tstart, tstop, outcome_status) ~ days0_1 + days1_7 + days7_14 + days14_28 + days28_56 + days56_84 + days84_183 + days183_365 + days365_730 + days730_1065 + days1065_1582 + cov_cat_sex + rms::strat(strat_cat_region) + cluster(patient_id) + rms::rcs(cov_num_age, parms=knot_placement)",R,4053,447,NA
cohort_prevax-main-ami,prevax,ami,main,,mdl_age_sex,days0_1,-2.02053209894981,0.0878307022397494,0.132584898022459,0.111617535630087,0.157490981003951,447,NA,NA,"Surv(tstart, tstop, outcome_status) ~ days0_1 + days1_7 + days7_14 + days14_28 + days28_56 + days56_84 + days84_183 + days183_365 + days365_730 + days730_1065 + days1065_1582 + cov_cat_sex + rms::strat(strat_cat_region) + cluster(patient_id) + rms::rcs(cov_num_age, parms=knot_placement)",R,4053,447,0
cohort_prevax-main-ami,prevax,ami,main,,mdl_age_sex,days1_7,0.155166350628627,1.0026201508864,1.1678522178979,0.163665096222631,8.33335166952017,2677,2,NA,"Surv(tstart, tstop, outcome_status) ~ days0_1 + days1_7 + days7_14 + days14_28 + days28_56 + days56_84 + days84_183 + days183_365 + days365_730 + days730_1065 + days1065_1582 + cov_cat_sex + rms::strat(strat_cat_region) + cluster(patient_id) + rms::rcs(cov_num_age, parms=knot_placement)",R,4053,447,3
cohort_prevax-main-ami,prevax,ami,main,,mdl_age_sex,days1065_1582,0.00374068877931178,0.152440504848773,1.0037476938875,0.744503883581726,1.35326283072892,80946,1234,NA,"Surv(tstart, tstop, outcome_status) ~ days0_1 + days1_7 + days7_14 + days14_28 + days28_56 + days56_84 + days84_183 + days183_365 + days365_730 + days730_1065 + days1065_1582 + cov_cat_sex + rms::strat(strat_cat_region) + cluster(patient_id) + rms::rcs(cov_num_age, parms=knot_placement)",R,4053,447,45
cohort_prevax-main-ami,prevax,ami,main,,mdl_age_sex,days14_28,-0.685804156327496,0.986498208797635,0.503685025172762,0.0728534699249876,3.48231326310884,6222,20,NA,"Surv(tstart, tstop, outcome_status) ~ days0_1 + days1_7 + days7_14 + days14_28 + days28_56 + days56_84 + days84_183 + days183_365 + days365_730 + days730_1065 + days1065_1582 + cov_cat_sex + rms::strat(strat_cat_region) + cluster(patient_id) + rms::rcs(cov_num_age, parms=knot_placement)",R,4053,447,3
cohort_prevax-main-ami,prevax,ami,main,,mdl_age_sex,days183_365,-0.16343709711805,0.213575649553762,0.849219915701641,0.55875863545645,1.29067260792341,73840,253,NA,"Surv(tstart, tstop, outcome_status) ~ days0_1 + days1_7 + days7_14 + days14_28 + days28_56 + days56_84 + days84_183 + days183_365 + days365_730 + days730_1065 + days1065_1582 + cov_cat_sex + rms::strat(strat_cat_region) + cluster(patient_id) + rms::rcs(cov_num_age, parms=knot_placement)",R,4053,447,21
cohort_prevax-main-ami,prevax,ami,main,,mdl_age_sex,days28_56,0.713791958657241,0.343204853039375,2.04171871123972,1.04198006053039,4.00066705086898,12313,42,NA,"Surv(tstart, tstop, outcome_status) ~ days0_1 + days1_7 + days7_14 + days14_28 + days28_56 + days56_84 + days84_183 + days183_365 + days365_730 + days730_1065 + days1065_1582 + cov_cat_sex + rms::strat(strat_cat_region) + cluster(patient_id) + rms::rcs(cov_num_age, parms=knot_placement)",R,4053,447,9
cohort_prevax-main-ami,prevax,ami,main,,mdl_age_sex,days365_730,-0.142780019986084,0.146097496689216,0.866944758440801,0.651077984735009,1.15438278026538,133975,546.5,NA,"Surv(tstart, tstop, outcome_status) ~ days0_1 + days1_7 + days7_14 + days14_28 + days28_56 + days56_84 + days84_183 + days183_365 + days365_730 + days730_1065 + days1065_1582 + cov_cat_sex + rms::strat(strat_cat_region) + cluster(patient_id) + rms::rcs(cov_num_age, parms=knot_placement)",R,4053,447,51
cohort_prevax-main-ami,prevax,ami,main,,mdl_age_sex,days56_84,0.198449566758799,0.449087068394978,1.219510521995,0.505733760484722,2.94068940905014,12142,71,NA,"Surv(tstart, tstop, outcome_status) ~ days0_1 + days1_7 + days7_14 + days14_28 + days28_56 + days56_84 + days84_183 + days183_365 + days365_730 + days730_1065 + days1065_1582 + cov_cat_sex + rms::strat(strat_cat_region) + cluster(patient_id) + rms::rcs(cov_num_age, parms=knot_placement)",R,4053,447,3
cohort_prevax-main-ami,prevax,ami,main,,mdl_age_sex,days7_14,-2.01893582442338,0.0661051542278561,0.132796708926961,0.116659068094967,0.151166696166956,3115,NA,NA,"Surv(tstart, tstop, outcome_status) ~ days0_1 + days1_7 + days7_14 + days14_28 + days28_56 + days56_84 + days84_183 + days183_365 + days365_730 + days730_1065 + days1065_1582 + cov_cat_sex + rms::strat(strat_cat_region) + cluster(patient_id) + rms::rcs(cov_num_age, parms=knot_placement)",R,4053,447,0
cohort_prevax-main-ami,prevax,ami,main,,mdl_age_sex,days730_1065,-0.142485184245265,0.156876212473842,0.867200402425546,0.637655627148462,1.17937724682219,103300,849,NA,"Surv(tstart, tstop, outcome_status) ~ days0_1 + days1_7 + days7_14 + days14_28 + days28_56 + days56_84 + days84_183 + days183_365 + days365_730 + days730_1065 + days1065_1582 + cov_cat_sex + rms::strat(strat_cat_region) + cluster(patient_id) + rms::rcs(cov_num_age, parms=knot_placement)",R,4053,447,45
cohort_prevax-main-ami,prevax,ami,main,,mdl_age_sex,days84_183,-0.598318846461055,0.353404642138029,0.54973504869996,0.275001365184434,1.09893499461891,42016,94.5,NA,"Surv(tstart, tstop, outcome_status) ~ days0_1 + days1_7 + days7_14 + days14_28 + days28_56 + days56_84 + days84_183 + days183_365 + days365_730 + days730_1065 + days1065_1582 + cov_cat_sex + rms::strat(strat_cat_region) + cluster(patient_id) + rms::rcs(cov_num_age, parms=knot_placement)",R,4053,447,9
cohort_prevax-main-ami,prevax,ami,main,,mdl_age_sex,days_pre,NA,NA,NA,NA,NA,4225351,782,NA,"Surv(tstart, tstop, outcome_status) ~ days0_1 + days1_7 + days7_14 + days14_28 + days28_56 + days56_84 + days84_183 + days183_365 + days365_730 + days730_1065 + days1065_1582 + cov_cat_sex + rms::strat(strat_cat_region) + cluster(patient_id) + rms::rcs(cov_num_age, parms=knot_placement)",R,4053,447,1755
cohort_prevax-main-ami,prevax,ami,main,,mdl_max_adj,cov_bin_ami,0.0328257488030106,0.0536209294699336,1.03337045751288,0.930280298717105,1.1478846794165,NA,NA,NA,"Surv(tstart, tstop, outcome_status) ~ days0_1 + days1_7 + days7_14 + days14_28 + days28_56 + days56_84 + days84_183 + days183_365 + days365_730 + days730_1065 + days1065_1582 + cov_cat_sex + rms::strat(strat_cat_region) + cluster(patient_id) + rms::rcs(cov_num_age, parms=knot_placement) + cov_cat_imd + cov_num_consrate2019 + cov_bin_hcworker + cov_bin_carehome + cov_bin_ami + cov_bin_dementia + cov_bin_liver_disease + cov_bin_ckd + cov_bin_cancer + cov_bin_hypertension + cov_bin_diabetes + cov_bin_depression + cov_bin_copd + cov_bin_stroke_all + cov_bin_other_ae + cov_bin_vte + cov_bin_hf + cov_bin_angina + cov_bin_lipidmed + cov_bin_antiplatelet + cov_bin_anticoagulant + cov_bin_hrt",R,4053,447,NA
cohort_prevax-main-ami,prevax,ami,main,,mdl_max_adj,cov_bin_angina,-0.0658524996057574,0.0788901453526794,0.936268954147068,0.802138218871695,1.09282855981191,NA,NA,NA,"Surv(tstart, tstop, outcome_status) ~ days0_1 + days1_7 + days7_14 + days14_28 + days28_56 + days56_84 + days84_183 + days183_365 + days365_730 + days730_1065 + days1065_1582 + cov_cat_sex + rms::strat(strat_cat_region) + cluster(patient_id) + rms::rcs(cov_num_age, parms=knot_placement) + cov_cat_imd + cov_num_consrate2019 + cov_bin_hcworker + cov_bin_carehome + cov_bin_ami + cov_bin_dementia + cov_bin_liver_disease + cov_bin_ckd + cov_bin_cancer + cov_bin_hypertension + cov_bin_diabetes + cov_bin_depression + cov_bin_copd + cov_bin_stroke_all + cov_bin_other_ae + cov_bin_vte + cov_bin_hf + cov_bin_angina + cov_bin_lipidmed + cov_bin_antiplatelet + cov_bin_anticoagulant + cov_bin_hrt",R,4053,447,NA
cohort_prevax-main-ami,prevax,ami,main,,mdl_max_adj,cov_bin_anticoagulant,0.0264651746177979,0.107212504773442,1.02681848729274,0.832212490585881,1.26693148417404,NA,NA,NA,"Surv(tstart, tstop, outcome_status) ~ days0_1 + days1_7 + days7_14 + days14_28 + days28_56 + days56_84 + days84_183 + days183_365 + days365_730 + days730_1065 + days1065_1582 + cov_cat_sex + rms::strat(strat_cat_region) + cluster(patient_id) + rms::rcs(cov_num_age, parms=knot_placement) + cov_cat_imd + cov_num_consrate2019 + cov_bin_hcworker + cov_bin_carehome + cov_bin_ami + cov_bin_dementia + cov_bin_liver_disease + cov_bin_ckd + cov_bin_cancer + cov_bin_hypertension + cov_bin_diabetes + cov_bin_depression + cov_bin_copd + cov_bin_stroke_all + cov_bin_other_ae + cov_bin_vte + cov_bin_hf + cov_bin_angina + cov_bin_lipidmed + cov_bin_antiplatelet + cov_bin_anticoagulant + cov_bin_hrt",R,4053,447,NA
cohort_prevax-main-ami,prevax,ami,main,,mdl_max_adj,cov_bin_antiplatelet,0.0306847071991023,0.0865336230474403,1.03116033519728,0.870299322698882,1.22175395194702,NA,NA,NA,"Surv(tstart, tstop, outcome_status) ~ days0_1 + days1_7 + days7_14 + days14_28 + days28_56 + days56_84 + days84_183 + days183_365 + days365_730 + days730_1065 + days1065_1582 + cov_cat_sex + rms::strat(strat_cat_region) + cluster(patient_id) + rms::rcs(cov_num_age, parms=knot_placement) + cov_cat_imd + cov_num_consrate2019 + cov_bin_hcworker + cov_bin_carehome + cov_bin_ami + cov_bin_dementia + cov_bin_liver_disease + cov_bin_ckd + cov_bin_cancer + cov_bin_hypertension + cov_bin_diabetes + cov_bin_depression + cov_bin_copd + cov_bin_stroke_all + cov_bin_other_ae + cov_bin_vte + cov_bin_hf + cov_bin_angina + cov_bin_lipidmed + cov_bin_antiplatelet + cov_bin_anticoagulant + cov_bin_hrt",R,4053,447,NA
cohort_prevax-main-ami,prevax,ami,main,,mdl_max_adj,cov_bin_cancer,0.128933407476531,0.0634623449465736,1.13761436503196,1.00455986168035,1.28829201015685,NA,NA,NA,"Surv(tstart, tstop, outcome_status) ~ days0_1 + days1_7 + days7_14 + days14_28 + days28_56 + days56_84 + days84_183 + days183_365 + days365_730 + days730_1065 + days1065_1582 + cov_cat_sex + rms::strat(strat_cat_region) + cluster(patient_id) + rms::rcs(cov_num_age, parms=knot_placement) + cov_cat_imd + cov_num_consrate2019 + cov_bin_hcworker + cov_bin_carehome + cov_bin_ami + cov_bin_dementia + cov_bin_liver_disease + cov_bin_ckd + cov_bin_cancer + cov_bin_hypertension + cov_bin_diabetes + cov_bin_depression + cov_bin_copd + cov_bin_stroke_all + cov_bin_other_ae + cov_bin_vte + cov_bin_hf + cov_bin_angina + cov_bin_lipidmed + cov_bin_antiplatelet + cov_bin_anticoagulant + cov_bin_hrt",R,4053,447,NA
cohort_prevax-main-ami,prevax,ami,main,,mdl_max_adj,cov_bin_carehome,-0.0387589680372026,0.0626909771900535,0.961982549746889,0.85075505356852,1.08775190007495,NA,NA,NA,"Surv(tstart, tstop, outcome_status) ~ days0_1 + days1_7 + days7_14 + days14_28 + days28_56 + days56_84 + days84_183 + days183_365 + days365_730 + days730_1065 + days1065_1582 + cov_cat_sex + rms::strat(strat_cat_region) + cluster(patient_id) + rms::rcs(cov_num_age, parms=knot_placement) + cov_cat_imd + cov_num_consrate2019 + cov_bin_hcworker + cov_bin_carehome + cov_bin_ami + cov_bin_dementia + cov_bin_liver_disease + cov_bin_ckd + cov_bin_cancer + cov_bin_hypertension + cov_bin_diabetes + cov_bin_depression + cov_bin_copd + cov_bin_stroke_all + cov_bin_other_ae + cov_bin_vte + cov_bin_hf + cov_bin_angina + cov_bin_lipidmed + cov_bin_antiplatelet + cov_bin_anticoagulant + cov_bin_hrt",R,4053,447,NA
cohort_prevax-main-ami,prevax,ami,main,,mdl_max_adj,cov_bin_ckd,-0.0200505821768267,0.0540547560730517,0.980149093978063,0.881618410918672,1.08969167899403,NA,NA,NA,"Surv(tstart, tstop, outcome_status) ~ days0_1 + days1_7 + days7_14 + days14_28 + days28_56 + days56_84 + days84_183 + days183_365 + days365_730 + days730_1065 + days1065_1582 + cov_cat_sex + rms::strat(strat_cat_region) + cluster(patient_id) + rms::rcs(cov_num_age, parms=knot_placement) + cov_cat_imd + cov_num_consrate2019 + cov_bin_hcworker + cov_bin_carehome + cov_bin_ami + cov_bin_dementia + cov_bin_liver_disease + cov_bin_ckd + cov_bin_cancer + cov_bin_hypertension + cov_bin_diabetes + cov_bin_depression + cov_bin_copd + cov_bin_stroke_all + cov_bin_other_ae + cov_bin_vte + cov_bin_hf + cov_bin_angina + cov_bin_lipidmed + cov_bin_antiplatelet + cov_bin_anticoagulant + cov_bin_hrt",R,4053,447,NA
cohort_prevax-main-ami,prevax,ami,main,,mdl_max_adj,cov_bin_copd,-0.044469463102676,0.0528684655072871,0.956504808336776,0.862353714002737,1.06093524445407,NA,NA,NA,"Surv(tstart, tstop, outcome_status) ~ days0_1 + days1_7 + days7_14 + days14_28 + days28_56 + days56_84 + days84_183 + days183_365 + days365_730 + days730_1065 + days1065_1582 + cov_cat_sex + rms::strat(strat_cat_region) + cluster(patient_id) + rms::rcs(cov_num_age, parms=knot_placement) + cov_cat_imd + cov_num_consrate2019 + cov_bin_hcworker + cov_bin_carehome + cov_bin_ami + cov_bin_dementia + cov_bin_liver_disease + cov_bin_ckd + cov_bin_cancer + cov_bin_hypertension + cov_bin_diabetes + cov_bin_depression + cov_bin_copd + cov_bin_stroke_all + cov_bin_other_ae + cov_bin_vte + cov_bin_hf + cov_bin_angina + cov_bin_lipidmed + cov_bin_antiplatelet + cov_bin_anticoagulant + cov_bin_hrt",R,4053,447,NA
cohort_prevax-main-ami,prevax,ami,main,,mdl_max_adj,cov_bin_dementia,0.0133617313816072,0.0707253117744258,1.01345139823743,0.882269836674765,1.16413787924614,NA,NA,NA,"Surv(tstart, tstop, outcome_status) ~ days0_1 + days1_7 + days7_14 + days14_28 + days28_56 + days56_84 + days84_183 + days183_365 + days365_730 + days730_1065 + days1065_1582 + cov_cat_sex + rms::strat(strat_cat_region) + cluster(patient_id) + rms::rcs(cov_num_age, parms=knot_placement) + cov_cat_imd + cov_num_consrate2019 + cov_bin_hcworker + cov_bin_carehome + cov_bin_ami + cov_bin_dementia + cov_bin_liver_disease + cov_bin_ckd + cov_bin_cancer + cov_bin_hypertension + cov_bin_diabetes + cov_bin_depression + cov_bin_copd + cov_bin_stroke_all + cov_bin_other_ae + cov_bin_vte + cov_bin_hf + cov_bin_angina + cov_bin_lipidmed + cov_bin_antiplatelet + cov_bin_anticoagulant + cov_bin_hrt",R,4053,447,NA
cohort_prevax-main-ami,prevax,ami,main,,mdl_max_adj,cov_bin_depression,-0.0462261809731844,0.0541034511349994,0.954825974297371,0.858758964373564,1.06163973712691,NA,NA,NA,"Surv(tstart, tstop, outcome_status) ~ days0_1 + days1_7 + days7_14 + days14_28 + days28_56 + days56_84 + days84_183 + days183_365 + days365_730 + days730_1065 + days1065_1582 + cov_cat_sex + rms::strat(strat_cat_region) + cluster(patient_id) + rms::rcs(cov_num_age, parms=knot_placement) + cov_cat_imd + cov_num_consrate2019 + cov_bin_hcworker + cov_bin_carehome + cov_bin_ami + cov_bin_dementia + cov_bin_liver_disease + cov_bin_ckd + cov_bin_cancer + cov_bin_hypertension + cov_bin_diabetes + cov_bin_depression + cov_bin_copd + cov_bin_stroke_all + cov_bin_other_ae + cov_bin_vte + cov_bin_hf + cov_bin_angina + cov_bin_lipidmed + cov_bin_antiplatelet + cov_bin_anticoagulant + cov_bin_hrt",R,4053,447,NA
cohort_prevax-main-ami,prevax,ami,main,,mdl_max_adj,cov_bin_diabetes,3.3994447403076e-4,0.0492468105145047,1.0003400022617,0.908298662970761,1.10170823862278,NA,NA,NA,"Surv(tstart, tstop, outcome_status) ~ days0_1 + days1_7 + days7_14 + days14_28 + days28_56 + days56_84 + days84_183 + days183_365 + days365_730 + days730_1065 + days1065_1582 + cov_cat_sex + rms::strat(strat_cat_region) + cluster(patient_id) + rms::rcs(cov_num_age, parms=knot_placement) + cov_cat_imd + cov_num_consrate2019 + cov_bin_hcworker + cov_bin_carehome + cov_bin_ami + cov_bin_dementia + cov_bin_liver_disease + cov_bin_ckd + cov_bin_cancer + cov_bin_hypertension + cov_bin_diabetes + cov_bin_depression + cov_bin_copd + cov_bin_stroke_all + cov_bin_other_ae + cov_bin_vte + cov_bin_hf + cov_bin_angina + cov_bin_lipidmed + cov_bin_antiplatelet + cov_bin_anticoagulant + cov_bin_hrt",R,4053,447,NA
cohort_prevax-main-ami,prevax,ami,main,,mdl_max_adj,cov_bin_hcworker,0.0383632718202549,0.0459843853450489,1.0391086432113401,0.949552491161585,1.1371111996933,NA,NA,NA,"Surv(tstart, tstop, outcome_status) ~ days0_1 + days1_7 + days7_14 + days14_28 + days28_56 + days56_84 + days84_183 + days183_365 + days365_730 + days730_1065 + days1065_1582 + cov_cat_sex + rms::strat(strat_cat_region) + cluster(patient_id) + rms::rcs(cov_num_age, parms=knot_placement) + cov_cat_imd + cov_num_consrate2019 + cov_bin_hcworker + cov_bin_carehome + cov_bin_ami + cov_bin_dementia + cov_bin_liver_disease + cov_bin_ckd + cov_bin_cancer + cov_bin_hypertension + cov_bin_diabetes + cov_bin_depression + cov_bin_copd + cov_bin_stroke_all + cov_bin_other_ae + cov_bin_vte + cov_bin_hf + cov_bin_angina + cov_bin_lipidmed + cov_bin_antiplatelet + cov_bin_anticoagulant + cov_bin_hrt",R,4053,447,NA
cohort_prevax-main-ami,prevax,ami,main,,mdl_max_adj,cov_bin_hf,0.0866795406772367,0.07261877907951,1.09054714771548,0.94586951682352,1.25735427586706,NA,NA,NA,"Surv(tstart, tstop, outcome_status) ~ days0_1 + days1_7 + days7_14 + days14_28 + days28_56 + days56_84 + days84_183 + days183_365 + days365_730 + days730_1065 + days1065_1582 + cov_cat_sex + rms::strat(strat_cat_region) + cluster(patient_id) + rms::rcs(cov_num_age, parms=knot_placement) + cov_cat_imd + cov_num_consrate2019 + cov_bin_hcworker + cov_bin_carehome + cov_bin_ami + cov_bin_dementia + cov_bin_liver_disease + cov_bin_ckd + cov_bin_cancer + cov_bin_hypertension + cov_bin_diabetes + cov_bin_depression + cov_bin_copd + cov_bin_stroke_all + cov_bin_other_ae + cov_bin_vte + cov_bin_hf + cov_bin_angina + cov_bin_lipidmed + cov_bin_antiplatelet + cov_bin_anticoagulant + cov_bin_hrt",R,4053,447,NA
cohort_prevax-main-ami,prevax,ami,main,,mdl_max_adj,cov_bin_hrt,0.0551514749497145,0.0916136960325183,1.05670066623357,0.883019433819625,1.26454328778291,NA,NA,NA,"Surv(tstart, tstop, outcome_status) ~ days0_1 + days1_7 + days7_14 + days14_28 + days28_56 + days56_84 + days84_183 + days183_365 + days365_730 + days730_1065 + days1065_1582 + cov_cat_sex + rms::strat(strat_cat_region) + cluster(patient_id) + rms::rcs(cov_num_age, parms=knot_placement) + cov_cat_imd + cov_num_consrate2019 + cov_bin_hcworker + cov_bin_carehome + cov_bin_ami + cov_bin_dementia + cov_bin_liver_disease + cov_bin_ckd + cov_bin_cancer + cov_bin_hypertension + cov_bin_diabetes + cov_bin_depression + cov_bin_copd + cov_bin_stroke_all + cov_bin_other_ae + cov_bin_vte + cov_bin_hf + cov_bin_angina + cov_bin_lipidmed + cov_bin_antiplatelet + cov_bin_anticoagulant + cov_bin_hrt",R,4053,447,NA
cohort_prevax-main-ami,prevax,ami,main,,mdl_max_adj,cov_bin_hypertension,0.00981212928546193,0.0548921257943889,1.00986042606151,0.906853412131404,1.1245677266938,NA,NA,NA,"Surv(tstart, tstop, outcome_status) ~ days0_1 + days1_7 + days7_14 + days14_28 + days28_56 + days56_84 + days84_183 + days183_365 + days365_730 + days730_1065 + days1065_1582 + cov_cat_sex + rms::strat(strat_cat_region) + cluster(patient_id) + rms::rcs(cov_num_age, parms=knot_placement) + cov_cat_imd + cov_num_consrate2019 + cov_bin_hcworker + cov_bin_carehome + cov_bin_ami + cov_bin_dementia + cov_bin_liver_disease + cov_bin_ckd + cov_bin_cancer + cov_bin_hypertension + cov_bin_diabetes + cov_bin_depression + cov_bin_copd + cov_bin_stroke_all + cov_bin_other_ae + cov_bin_vte + cov_bin_hf + cov_bin_angina + cov_bin_lipidmed + cov_bin_antiplatelet + cov_bin_anticoagulant + cov_bin_hrt",R,4053,447,NA
cohort_prevax-main-ami,prevax,ami,main,,mdl_max_adj,cov_bin_lipidmed,0.0554820746089497,0.060265891880455,1.05705006886675,0.939284463175407,1.18958089045123,NA,NA,NA,"Surv(tstart, tstop, outcome_status) ~ days0_1 + days1_7 + days7_14 + days14_28 + days28_56 + days56_84 + days84_183 + days183_365 + days365_730 + days730_1065 + days1065_1582 + cov_cat_sex + rms::strat(strat_cat_region) + cluster(patient_id) + rms::rcs(cov_num_age, parms=knot_placement) + cov_cat_imd + cov_num_consrate2019 + cov_bin_hcworker + cov_bin_carehome + cov_bin_ami + cov_bin_dementia + cov_bin_liver_disease + cov_bin_ckd + cov_bin_cancer + cov_bin_hypertension + cov_bin_diabetes + cov_bin_depression + cov_bin_copd + cov_bin_stroke_all + cov_bin_other_ae + cov_bin_vte + cov_bin_hf + cov_bin_angina + cov_bin_lipidmed + cov_bin_antiplatelet + cov_bin_anticoagulant + cov_bin_hrt",R,4053,447,NA
cohort_prevax-main-ami,prevax,ami,main,,mdl_max_adj,cov_bin_liver_disease,-0.0157006318773913,0.0588506333750186,0.98442198050727,0.877177639297876,1.10477808859965,NA,NA,NA,"Surv(tstart, tstop, outcome_status) ~ days0_1 + days1_7 + days7_14 + days14_28 + days28_56 + days56_84 + days84_183 + days183_365 + days365_730 + days730_1065 + days1065_1582 + cov_cat_sex + rms::strat(strat_cat_region) + cluster(patient_id) + rms::rcs(cov_num_age, parms=knot_placement) + cov_cat_imd + cov_num_consrate2019 + cov_bin_hcworker + cov_bin_carehome + cov_bin_ami + cov_bin_dementia + cov_bin_liver_disease + cov_bin_ckd + cov_bin_cancer + cov_bin_hypertension + cov_bin_diabetes + cov_bin_depression + cov_bin_copd + cov_bin_stroke_all + cov_bin_other_ae + cov_bin_vte + cov_bin_hf + cov_bin_angina + cov_bin_lipidmed + cov_bin_antiplatelet + cov_bin_anticoagulant + cov_bin_hrt",R,4053,447,NA
cohort_prevax-main-ami,prevax,ami,main,,mdl_max_adj,cov_bin_other_ae,0.0452196169522003,0.0764870310026897,1.04625761058688,0.900601676934248,1.21547074111308,NA,NA,NA,"Surv(tstart, tstop, outcome_status) ~ days0_1 + days1_7 + days7_14 + days14_28 + days28_56 + days56_84 + days84_183 + days183_365 + days365_730 + days730_1065 + days1065_1582 + cov_cat_sex + rms::strat(strat_cat_region) + cluster(patient_id) + rms::rcs(cov_num_age, parms=knot_placement) + cov_cat_imd + cov_num_consrate2019 + cov_bin_hcworker + cov_bin_carehome + cov_bin_ami + cov_bin_dementia + cov_bin_liver_disease + cov_bin_ckd + cov_bin_cancer + cov_bin_hypertension + cov_bin_diabetes + cov_bin_depression + cov_bin_copd + cov_bin_stroke_all + cov_bin_other_ae + cov_bin_vte + cov_bin_hf + cov_bin_angina + cov_bin_lipidmed + cov_bin_antiplatelet + cov_bin_anticoagulant + cov_bin_hrt",R,4053,447,NA
cohort_prevax-main-ami,prevax,ami,main,,mdl_max_adj,cov_bin_stroke_all,-0.0619037408818398,0.0513051359964216,0.939973363443477,0.850050125842808,1.03940920320107,NA,NA,NA,"Surv(tstart, tstop, outcome_status) ~ days0_1 + days1_7 + days7_14 + days14_28 + days28_56 + days56_84 + days84_183 + days183_365 + days365_730 + days730_1065 + days1065_1582 + cov_cat_sex + rms::strat(strat_cat_region) + cluster(patient_id) + rms::rcs(cov_num_age, parms=knot_placement) + cov_cat_imd + cov_num_consrate2019 + cov_bin_hcworker + cov_bin_carehome + cov_bin_ami + cov_bin_dementia + cov_bin_liver_disease + cov_bin_ckd + cov_bin_cancer + cov_bin_hypertension + cov_bin_diabetes + cov_bin_depression + cov_bin_copd + cov_bin_stroke_all + cov_bin_other_ae + cov_bin_vte + cov_bin_hf + cov_bin_angina + cov_bin_lipidmed + cov_bin_antiplatelet + cov_bin_anticoagulant + cov_bin_hrt",R,4053,447,NA
cohort_prevax-main-ami,prevax,ami,main,,mdl_max_adj,cov_bin_vte,-0.0701691260374974,0.0509564866404712,0.932236141167966,0.843629379510904,1.03014930964541,NA,NA,NA,"Surv(tstart, tstop, outcome_status) ~ days0_1 + days1_7 + days7_14 + days14_28 + days28_56 + days56_84 + days84_183 + days183_365 + days365_730 + days730_1065 + days1065_1582 + cov_cat_sex + rms::strat(strat_cat_region) + cluster(patient_id) + rms::rcs(cov_num_age, parms=knot_placement) + cov_cat_imd + cov_num_consrate2019 + cov_bin_hcworker + cov_bin_carehome + cov_bin_ami + cov_bin_dementia + cov_bin_liver_disease + cov_bin_ckd + cov_bin_cancer + cov_bin_hypertension + cov_bin_diabetes + cov_bin_depression + cov_bin_copd + cov_bin_stroke_all + cov_bin_other_ae + cov_bin_vte + cov_bin_hf + cov_bin_angina + cov_bin_lipidmed + cov_bin_antiplatelet + cov_bin_anticoagulant + cov_bin_hrt",R,4053,447,NA
cohort_prevax-main-ami,prevax,ami,main,,mdl_max_adj,cov_cat_imd=2,-0.125262778154622,0.0722559228025179,0.882265032143652,0.765763591227449,1.01649072358709,NA,NA,NA,"Surv(tstart, tstop, outcome_status) ~ days0_1 + days1_7 + days7_14 + days14_28 + days28_56 + days56_84 + days84_183 + days183_365 + days365_730 + days730_1065 + days1065_1582 + cov_cat_sex + rms::strat(strat_cat_region) + cluster(patient_id) + rms::rcs(cov_num_age, parms=knot_placement) + cov_cat_imd + cov_num_consrate2019 + cov_bin_hcworker + cov_bin_carehome + cov_bin_ami + cov_bin_dementia + cov_bin_liver_disease + cov_bin_ckd + cov_bin_cancer + cov_bin_hypertension + cov_bin_diabetes + cov_bin_depression + cov_bin_copd + cov_bin_stroke_all + cov_bin_other_ae + cov_bin_vte + cov_bin_hf + cov_bin_angina + cov_bin_lipidmed + cov_bin_antiplatelet + cov_bin_anticoagulant + cov_bin_hrt",R,4053,447,NA
cohort_prevax-main-ami,prevax,ami,main,,mdl_max_adj,cov_cat_imd=3,-0.14054031823171,0.0723980608964668,0.86888863217335,0.753943452750008,1.00135819518869,NA,NA,NA,"Surv(tstart, tstop, outcome_status) ~ days0_1 + days1_7 + days7_14 + days14_28 + days28_56 + days56_84 + days84_183 + days183_365 + days365_730 + days730_1065 + days1065_1582 + cov_cat_sex + rms::strat(strat_cat_region) + cluster(patient_id) + rms::rcs(cov_num_age, parms=knot_placement) + cov_cat_imd + cov_num_consrate2019 + cov_bin_hcworker + cov_bin_carehome + cov_bin_ami + cov_bin_dementia + cov_bin_liver_disease + cov_bin_ckd + cov_bin_cancer + cov_bin_hypertension + cov_bin_diabetes + cov_bin_depression + cov_bin_copd + cov_bin_stroke_all + cov_bin_other_ae + cov_bin_vte + cov_bin_hf + cov_bin_angina + cov_bin_lipidmed + cov_bin_antiplatelet + cov_bin_anticoagulant + cov_bin_hrt",R,4053,447,NA
cohort_prevax-main-ami,prevax,ami,main,,mdl_max_adj,cov_cat_imd=4,0.0265954356261868,0.0714675315562075,1.02695225041619,0.892723521623739,1.18136343345884,NA,NA,NA,"Surv(tstart, tstop, outcome_status) ~ days0_1 + days1_7 + days7_14 + days14_28 + days28_56 + days56_84 + days84_183 + days183_365 + days365_730 + days730_1065 + days1065_1582 + cov_cat_sex + rms::strat(strat_cat_region) + cluster(patient_id) + rms::rcs(cov_num_age, parms=knot_placement) + cov_cat_imd + cov_num_consrate2019 + cov_bin_hcworker + cov_bin_carehome + cov_bin_ami + cov_bin_dementia + cov_bin_liver_disease + cov_bin_ckd + cov_bin_cancer + cov_bin_hypertension + cov_bin_diabetes + cov_bin_depression + cov_bin_copd + cov_bin_stroke_all + cov_bin_other_ae + cov_bin_vte + cov_bin_hf + cov_bin_angina + cov_bin_lipidmed + cov_bin_antiplatelet + cov_bin_anticoagulant + cov_bin_hrt",R,4053,447,NA
cohort_prevax-main-ami,prevax,ami,main,,mdl_max_adj,cov_cat_imd=5 (least deprived),-0.0981391079753257,0.0708662730999055,0.906522790432476,0.788964106970846,1.04159816943846,NA,NA,NA,"Surv(tstart, tstop, outcome_status) ~ days0_1 + days1_7 + days7_14 + days14_28 + days28_56 + days56_84 + days84_183 + days183_365 + days365_730 + days730_1065 + days1065_1582 + cov_cat_sex + rms::strat(strat_cat_region) + cluster(patient_id) + rms::rcs(cov_num_age, parms=knot_placement) + cov_cat_imd + cov_num_consrate2019 + cov_bin_hcworker + cov_bin_carehome + cov_bin_ami + cov_bin_dementia + cov_bin_liver_disease + cov_bin_ckd + cov_bin_cancer + cov_bin_hypertension + cov_bin_diabetes + cov_bin_depression + cov_bin_copd + cov_bin_stroke_all + cov_bin_other_ae + cov_bin_vte + cov_bin_hf + cov_bin_angina + cov_bin_lipidmed + cov_bin_antiplatelet + cov_bin_anticoagulant + cov_bin_hrt",R,4053,447,NA
cohort_prevax-main-ami,prevax,ami,main,,mdl_max_adj,cov_cat_sex=Male,-0.0651965947860028,0.0457488735359232,0.936883258907383,0.856532737741472,1.02477138601309,NA,NA,NA,"Surv(tstart, tstop, outcome_status) ~ days0_1 + days1_7 + days7_14 + days14_28 + days28_56 + days56_84 + days84_183 + days183_365 + days365_730 + days730_1065 + days1065_1582 + cov_cat_sex + rms::strat(strat_cat_region) + cluster(patient_id) + rms::rcs(cov_num_age, parms=knot_placement) + cov_cat_imd + cov_num_consrate2019 + cov_bin_hcworker + cov_bin_carehome + cov_bin_ami + cov_bin_dementia + cov_bin_liver_disease + cov_bin_ckd + cov_bin_cancer + cov_bin_hypertension + cov_bin_diabetes + cov_bin_depression + cov_bin_copd + cov_bin_stroke_all + cov_bin_other_ae + cov_bin_vte + cov_bin_hf + cov_bin_angina + cov_bin_lipidmed + cov_bin_antiplatelet + cov_bin_anticoagulant + cov_bin_hrt",R,4053,447,NA
cohort_prevax-main-ami,prevax,ami,main,,mdl_max_adj,cov_num_age,-0.00319833218389509,0.00234265458629168,0.996806777032043,0.992240411456035,1.00139415736852,NA,NA,NA,"Surv(tstart, tstop, outcome_status) ~ days0_1 + days1_7 + days7_14 + days14_28 + days28_56 + days56_84 + days84_183 + days183_365 + days365_730 + days730_1065 + days1065_1582 + cov_cat_sex + rms::strat(strat_cat_region) + cluster(patient_id) + rms::rcs(cov_num_age, parms=knot_placement) + cov_cat_imd + cov_num_consrate2019 + cov_bin_hcworker + cov_bin_carehome + cov_bin_ami + cov_bin_dementia + cov_bin_liver_disease + cov_bin_ckd + cov_bin_cancer + cov_bin_hypertension + cov_bin_diabetes + cov_bin_depression + cov_bin_copd + cov_bin_stroke_all + cov_bin_other_ae + cov_bin_vte + cov_bin_hf + cov_bin_angina + cov_bin_lipidmed + cov_bin_antiplatelet + cov_bin_anticoagulant + cov_bin_hrt",R,4053,447,NA
cohort_prevax-main-ami,prevax,ami,main,,mdl_max_adj,cov_num_age',0.00254034410458641,0.00299845245706388,1.00254357351269,0.996669045259255,1.00845272718403,NA,NA,NA,"Surv(tstart, tstop, outcome_status) ~ days0_1 + days1_7 + days7_14 + days14_28 + days28_56 + days56_84 + days84_183 + days183_365 + days365_730 + days730_1065 + days1065_1582 + cov_cat_sex + rms::strat(strat_cat_region) + cluster(patient_id) + rms::rcs(cov_num_age, parms=knot_placement) + cov_cat_imd + cov_num_consrate2019 + cov_bin_hcworker + cov_bin_carehome + cov_bin_ami + cov_bin_dementia + cov_bin_liver_disease + cov_bin_ckd + cov_bin_cancer + cov_bin_hypertension + cov_bin_diabetes + cov_bin_depression + cov_bin_copd + cov_bin_stroke_all + cov_bin_other_ae + cov_bin_vte + cov_bin_hf + cov_bin_angina + cov_bin_lipidmed + cov_bin_antiplatelet + cov_bin_anticoagulant + cov_bin_hrt",R,4053,447,NA
cohort_prevax-main-ami,prevax,ami,main,,mdl_max_adj,cov_num_consrate2019,0.0719197250704218,0.0941721991488382,1.07456907964423,0.893459392041538,1.29239080949049,NA,NA,NA,"Surv(tstart, tstop, outcome_status) ~ days0_1 + days1_7 + days7_14 + days14_28 + days28_56 + days56_84 + days84_183 + days183_365 + days365_730 + days730_1065 + days1065_1582 + cov_cat_sex + rms::strat(strat_cat_region) + cluster(patient_id) + rms::rcs(cov_num_age, parms=knot_placement) + cov_cat_imd + cov_num_consrate2019 + cov_bin_hcworker + cov_bin_carehome + cov_bin_ami + cov_bin_dementia + cov_bin_liver_disease + cov_bin_ckd + cov_bin_cancer + cov_bin_hypertension + cov_bin_diabetes + cov_bin_depression + cov_bin_copd + cov_bin_stroke_all + cov_bin_other_ae + cov_bin_vte + cov_bin_hf + cov_bin_angina + cov_bin_lipidmed + cov_bin_antiplatelet + cov_bin_anticoagulant + cov_bin_hrt",R,4053,447,NA
cohort_prevax-main-ami,prevax,ami,main,,mdl_max_adj,days0_1,-2.02464206330485,0.0886800270880519,0.132041097084289,0.110974845269505,0.157106335916772,447,NA,NA,"Surv(tstart, tstop, outcome_status) ~ days0_1 + days1_7 + days7_14 + days14_28 + days28_56 + days56_84 + days84_183 + days183_365 + days365_730 + days730_1065 + days1065_1582 + cov_cat_sex + rms::strat(strat_cat_region) + cluster(patient_id) + rms::rcs(cov_num_age, parms=knot_placement) + cov_cat_imd + cov_num_consrate2019 + cov_bin_hcworker + cov_bin_carehome + cov_bin_ami + cov_bin_dementia + cov_bin_liver_disease + cov_bin_ckd + cov_bin_cancer + cov_bin_hypertension + cov_bin_diabetes + cov_bin_depression + cov_bin_copd + cov_bin_stroke_all + cov_bin_other_ae + cov_bin_vte + cov_bin_hf + cov_bin_angina + cov_bin_lipidmed + cov_bin_antiplatelet + cov_bin_anticoagulant + cov_bin_hrt",R,4053,447,0
cohort_prevax-main-ami,prevax,ami,main,,mdl_max_adj,days1_7,0.15503936963712,1.00262519742206,1.16770393228026,0.163642696583342,8.33237597480158,2677,2,NA,"Surv(tstart, tstop, outcome_status) ~ days0_1 + days1_7 + days7_14 + days14_28 + days28_56 + days56_84 + days84_183 + days183_365 + days365_730 + days730_1065 + days1065_1582 + cov_cat_sex + rms::strat(strat_cat_region) + cluster(patient_id) + rms::rcs(cov_num_age, parms=knot_placement) + cov_cat_imd + cov_num_consrate2019 + cov_bin_hcworker + cov_bin_carehome + cov_bin_ami + cov_bin_dementia + cov_bin_liver_disease + cov_bin_ckd + cov_bin_cancer + cov_bin_hypertension + cov_bin_diabetes + cov_bin_depression + cov_bin_copd + cov_bin_stroke_all + cov_bin_other_ae + cov_bin_vte + cov_bin_hf + cov_bin_angina + cov_bin_lipidmed + cov_bin_antiplatelet + cov_bin_anticoagulant + cov_bin_hrt",R,4053,447,3
cohort_prevax-main-ami,prevax,ami,main,,mdl_max_adj,days1065_1582,0.0112525348885491,0.15311344967107,1.01131608279392,0.749128826681375,1.36526613699869,80946,1234,NA,"Surv(tstart, tstop, outcome_status) ~ days0_1 + days1_7 + days7_14 + days14_28 + days28_56 + days56_84 + days84_183 + days183_365 + days365_730 + days730_1065 + days1065_1582 + cov_cat_sex + rms::strat(strat_cat_region) + cluster(patient_id) + rms::rcs(cov_num_age, parms=knot_placement) + cov_cat_imd + cov_num_consrate2019 + cov_bin_hcworker + cov_bin_carehome + cov_bin_ami + cov_bin_dementia + cov_bin_liver_disease + cov_bin_ckd + cov_bin_cancer + cov_bin_hypertension + cov_bin_diabetes + cov_bin_depression + cov_bin_copd + cov_bin_stroke_all + cov_bin_other_ae + cov_bin_vte + cov_bin_hf + cov_bin_angina + cov_bin_lipidmed + cov_bin_antiplatelet + cov_bin_anticoagulant + cov_bin_hrt",R,4053,447,45
cohort_prevax-main-ami,prevax,ami,main,,mdl_max_adj,days14_28,-0.683202186319115,0.98660015950211,0.504997305017961,0.0730286852721262,3.49208365350021,6222,20,NA,"Surv(tstart, tstop, outcome_status) ~ days0_1 + days1_7 + days7_14 + days14_28 + days28_56 + days56_84 + days84_183 + days183_365 + days365_730 + days730_1065 + days1065_1582 + cov_cat_sex + rms::strat(strat_cat_region) + cluster(patient_id) + rms::rcs(cov_num_age, parms=knot_placement) + cov_cat_imd + cov_num_consrate2019 + cov_bin_hcworker + cov_bin_carehome + cov_bin_ami + cov_bin_dementia + cov_bin_liver_disease + cov_bin_ckd + cov_bin_cancer + cov_bin_hypertension + cov_bin_diabetes + cov_bin_depression + cov_bin_copd + cov_bin_stroke_all + cov_bin_other_ae + cov_bin_vte + cov_bin_hf + cov_bin_angina + cov_bin_lipidmed + cov_bin_antiplatelet + cov_bin_anticoagulant + cov_bin_hrt",R,4053,447,3
cohort_prevax-main-ami,prevax,ami,main,,mdl_max_adj,days183_365,-0.160283557977953,0.213879909390313,0.851902191051613,0.560189321993144,1.2955215578483,73840,253,NA,"Surv(tstart, tstop, outcome_status) ~ days0_1 + days1_7 + days7_14 + days14_28 + days28_56 + days56_84 + days84_183 + days183_365 + days365_730 + days730_1065 + days1065_1582 + cov_cat_sex + rms::strat(strat_cat_region) + cluster(patient_id) + rms::rcs(cov_num_age, parms=knot_placement) + cov_cat_imd + cov_num_consrate2019 + cov_bin_hcworker + cov_bin_carehome + cov_bin_ami + cov_bin_dementia + cov_bin_liver_disease + cov_bin_ckd + cov_bin_cancer + cov_bin_hypertension + cov_bin_diabetes + cov_bin_depression + cov_bin_copd + cov_bin_stroke_all + cov_bin_other_ae + cov_bin_vte + cov_bin_hf + cov_bin_angina + cov_bin_lipidmed + cov_bin_antiplatelet + cov_bin_anticoagulant + cov_bin_hrt",R,4053,447,21
cohort_prevax-main-ami,prevax,ami,main,,mdl_max_adj,days28_56,0.718497183273934,0.343364839191819,2.05134809281632,1.04656614297967,4.02079603485021,12313,42,NA,"Surv(tstart, tstop, outcome_status) ~ days0_1 + days1_7 + days7_14 + days14_28 + days28_56 + days56_84 + days84_183 + days183_365 + days365_730 + days730_1065 + days1065_1582 + cov_cat_sex + rms::strat(strat_cat_region) + cluster(patient_id) + rms::rcs(cov_num_age, parms=knot_placement) + cov_cat_imd + cov_num_consrate2019 + cov_bin_hcworker + cov_bin_carehome + cov_bin_ami + cov_bin_dementia + cov_bin_liver_disease + cov_bin_ckd + cov_bin_cancer + cov_bin_hypertension + cov_bin_diabetes + cov_bin_depression + cov_bin_copd + cov_bin_stroke_all + cov_bin_other_ae + cov_bin_vte + cov_bin_hf + cov_bin_angina + cov_bin_lipidmed + cov_bin_antiplatelet + cov_bin_anticoagulant + cov_bin_hrt",R,4053,447,9
cohort_prevax-main-ami,prevax,ami,main,,mdl_max_adj,days365_730,-0.140025355886717,0.146524217924115,0.869336192329334,0.652328150156767,1.15853564668648,133975,546.5,NA,"Surv(tstart, tstop, outcome_status) ~ days0_1 + days1_7 + days7_14 + days14_28 + days28_56 + days56_84 + days84_183 + days183_365 + days365_730 + days730_1065 + days1065_1582 + cov_cat_sex + rms::strat(strat_cat_region) + cluster(patient_id) + rms::rcs(cov_num_age, parms=knot_placement) + cov_cat_imd + cov_num_consrate2019 + cov_bin_hcworker + cov_bin_carehome + cov_bin_ami + cov_bin_dementia + cov_bin_liver_disease + cov_bin_ckd + cov_bin_cancer + cov_bin_hypertension + cov_bin_diabetes + cov_bin_depression + cov_bin_copd + cov_bin_stroke_all + cov_bin_other_ae + cov_bin_vte + cov_bin_hf + cov_bin_angina + cov_bin_lipidmed + cov_bin_antiplatelet + cov_bin_anticoagulant + cov_bin_hrt",R,4053,447,51
cohort_prevax-main-ami,prevax,ami,main,,mdl_max_adj,days56_84,0.202702931405696,0.449231916522677,1.22470859174225,0.507745243845256,2.95406240209788,12142,71,NA,"Surv(tstart, tstop, outcome_status) ~ days0_1 + days1_7 + days7_14 + days14_28 + days28_56 + days56_84 + days84_183 + days183_365 + days365_730 + days730_1065 + days1065_1582 + cov_cat_sex + rms::strat(strat_cat_region) + cluster(patient_id) + rms::rcs(cov_num_age, parms=knot_placement) + cov_cat_imd + cov_num_consrate2019 + cov_bin_hcworker + cov_bin_carehome + cov_bin_ami + cov_bin_dementia + cov_bin_liver_disease + cov_bin_ckd + cov_bin_cancer + cov_bin_hypertension + cov_bin_diabetes + cov_bin_depression + cov_bin_copd + cov_bin_stroke_all + cov_bin_other_ae + cov_bin_vte + cov_bin_hf + cov_bin_angina + cov_bin_lipidmed + cov_bin_antiplatelet + cov_bin_anticoagulant + cov_bin_hrt",R,4053,447,3
cohort_prevax-main-ami,prevax,ami,main,,mdl_max_adj,days7_14,-2.01530844511977,0.0665502256639235,0.133279287679457,0.116980913428231,0.151848434105805,3115,NA,NA,"Surv(tstart, tstop, outcome_status) ~ days0_1 + days1_7 + days7_14 + days14_28 + days28_56 + days56_84 + days84_183 + days183_365 + days365_730 + days730_1065 + days1065_1582 + cov_cat_sex + rms::strat(strat_cat_region) + cluster(patient_id) + rms::rcs(cov_num_age, parms=knot_placement) + cov_cat_imd + cov_num_consrate2019 + cov_bin_hcworker + cov_bin_carehome + cov_bin_ami + cov_bin_dementia + cov_bin_liver_disease + cov_bin_ckd + cov_bin_cancer + cov_bin_hypertension + cov_bin_diabetes + cov_bin_depression + cov_bin_copd + cov_bin_stroke_all + cov_bin_other_ae + cov_bin_vte + cov_bin_hf + cov_bin_angina + cov_bin_lipidmed + cov_bin_antiplatelet + cov_bin_anticoagulant + cov_bin_hrt",R,4053,447,0
cohort_prevax-main-ami,prevax,ami,main,,mdl_max_adj,days730_1065,-0.137343740164342,0.157623169664439,0.8716705464522,0.640004881165962,1.18719335416326,103300,849,NA,"Surv(tstart, tstop, outcome_status) ~ days0_1 + days1_7 + days7_14 + days14_28 + days28_56 + days56_84 + days84_183 + days183_365 + days365_730 + days730_1065 + days1065_1582 + cov_cat_sex + rms::strat(strat_cat_region) + cluster(patient_id) + rms::rcs(cov_num_age, parms=knot_placement) + cov_cat_imd + cov_num_consrate2019 + cov_bin_hcworker + cov_bin_carehome + cov_bin_ami + cov_bin_dementia + cov_bin_liver_disease + cov_bin_ckd + cov_bin_cancer + cov_bin_hypertension + cov_bin_diabetes + cov_bin_depression + cov_bin_copd + cov_bin_stroke_all + cov_bin_other_ae + cov_bin_vte + cov_bin_hf + cov_bin_angina + cov_bin_lipidmed + cov_bin_antiplatelet + cov_bin_anticoagulant + cov_bin_hrt",R,4053,447,45
cohort_prevax-main-ami,prevax,ami,main,,mdl_max_adj,days84_183,-0.595118463381738,0.35355033352676,0.551497229771081,0.275804117671405,1.1027724930762,42016,94.5,NA,"Surv(tstart, tstop, outcome_status) ~ days0_1 + days1_7 + days7_14 + days14_28 + days28_56 + days56_84 + days84_183 + days183_365 + days365_730 + days730_1065 + days1065_1582 + cov_cat_sex + rms::strat(strat_cat_region) + cluster(patient_id) + rms::rcs(cov_num_age, parms=knot_placement) + cov_cat_imd + cov_num_consrate2019 + cov_bin_hcworker + cov_bin_carehome + cov_bin_ami + cov_bin_dementia + cov_bin_liver_disease + cov_bin_ckd + cov_bin_cancer + cov_bin_hypertension + cov_bin_diabetes + cov_bin_depression + cov_bin_copd + cov_bin_stroke_all + cov_bin_other_ae + cov_bin_vte + cov_bin_hf + cov_bin_angina + cov_bin_lipidmed + cov_bin_antiplatelet + cov_bin_anticoagulant + cov_bin_hrt",R,4053,447,9
cohort_prevax-main-ami,prevax,ami,main,,mdl_max_adj,days_pre,NA,NA,NA,NA,NA,4225351,782,NA,"Surv(tstart, tstop, outcome_status) ~ days0_1 + days1_7 + days7_14 + days14_28 + days28_56 + days56_84 + days84_183 + days183_365 + days365_730 + days730_1065 + days1065_1582 + cov_cat_sex + rms::strat(strat_cat_region) + cluster(patient_id) + rms::rcs(cov_num_age, parms=knot_placement) + cov_cat_imd + cov_num_consrate2019 + cov_bin_hcworker + cov_bin_carehome + cov_bin_ami + cov_bin_dementia + cov_bin_liver_disease + cov_bin_ckd + cov_bin_cancer + cov_bin_hypertension + cov_bin_diabetes + cov_bin_depression + cov_bin_copd + cov_bin_stroke_all + cov_bin_other_ae + cov_bin_vte + cov_bin_hf + cov_bin_angina + cov_bin_lipidmed + cov_bin_antiplatelet + cov_bin_anticoagulant + cov_bin_hrt",R,4053,447,1755
cohort_prevax-main-stroke_sahhs,prevax,stroke_sahhs,main,,mdl_age_sex,cov_cat_sex=Male,-0.075163285331842,0.0451296560803009,0.927592011792645,0.84906818319981,1.01337790929688,NA,NA,NA,"Surv(tstart, tstop, outcome_status) ~ days0_1 + days1_7 + days7_14 + days14_28 + days28_56 + days56_84 + days84_183 + days183_365 + days365_730 + days730_1065 + days1065_1582 + cov_cat_sex + rms::strat(strat_cat_region) + cluster(patient_id) + rms::rcs(cov_num_age, parms=knot_placement)",R,4053,429,NA
cohort_prevax-main-stroke_sahhs,prevax,stroke_sahhs,main,,mdl_age_sex,cov_num_age,-0.00197536923973936,0.00238839825387375,0.998026580518035,0.99336556191319,1.00270946931374,NA,NA,NA,"Surv(tstart, tstop, outcome_status) ~ days0_1 + days1_7 + days7_14 + days14_28 + days28_56 + days56_84 + days84_183 + days183_365 + days365_730 + days730_1065 + days1065_1582 + cov_cat_sex + rms::strat(strat_cat_region) + cluster(patient_id) + rms::rcs(cov_num_age, parms=knot_placement)",R,4053,429,NA
cohort_prevax-main-stroke_sahhs,prevax,stroke_sahhs,main,,mdl_age_sex,cov_num_age',0.00315394523570895,0.003052851836089,1.00315892415402,0.997174464946337,1.00917929859346,NA,NA,NA,"Surv(tstart, tstop, outcome_status) ~ days0_1 + days1_7 + days7_14 + days14_28 + days28_56 + days56_84 + days84_183 + days183_365 + days365_730 + days730_1065 + days1065_1582 + cov_cat_sex + rms::strat(strat_cat_region) + cluster(patient_id) + rms::rcs(cov_num_age, parms=knot_placement)",R,4053,429,NA
cohort_prevax-main-stroke_sahhs,prevax,stroke_sahhs,main,,mdl_age_sex,days0_1,-2.00125456885093,0.0841768740986946,0.135165602266319,0.114607937962077,0.159410773467208,432,NA,NA,"Surv(tstart, tstop, outcome_status) ~ days0_1 + days1_7 + days7_14 + days14_28 + days28_56 + days56_84 + days84_183 + days183_365 + days365_730 + days730_1065 + days1065_1582 + cov_cat_sex + rms::strat(strat_cat_region) + cluster(patient_id) + rms::rcs(cov_num_age, parms=knot_placement)",R,4053,429,0
cohort_prevax-main-stroke_sahhs,prevax,stroke_sahhs,main,,mdl_age_sex,days1_7,0.120272246554762,1.00127075201208,1.12780385050053,0.158471206256866,8.0263257613003,2587,2,NA,"Surv(tstart, tstop, outcome_status) ~ days0_1 + days1_7 + days7_14 + days14_28 + days28_56 + days56_84 + days84_183 + days183_365 + days365_730 + days730_1065 + days1065_1582 + cov_cat_sex + rms::strat(strat_cat_region) + cluster(patient_id) + rms::rcs(cov_num_age, parms=knot_placement)",R,4053,429,3
cohort_prevax-main-stroke_sahhs,prevax,stroke_sahhs,main,,mdl_age_sex,days1065_1582,0.0402109834119168,0.155724815656342,1.04103039116764,0.767202845273313,1.41259157472047,73431,1286,NA,"Surv(tstart, tstop, outcome_status) ~ days0_1 + days1_7 + days7_14 + days14_28 + days28_56 + days56_84 + days84_183 + days183_365 + days365_730 + days730_1065 + days1065_1582 + cov_cat_sex + rms::strat(strat_cat_region) + cluster(patient_id) + rms::rcs(cov_num_age, parms=knot_placement)",R,4053,429,45
cohort_prevax-main-stroke_sahhs,prevax,stroke_sahhs,main,,mdl_age_sex,days14_28,0.648016461499764,0.489699603726512,1.91174504581635,0.732144686757774,4.99186729932864,5972,19.5,NA,"Surv(tstart, tstop, outcome_status) ~ days0_1 + days1_7 + days7_14 + days14_28 + days28_56 + days56_84 + days84_183 + days183_365 + days365_730 + days730_1065 + days1065_1582 + cov_cat_sex + rms::strat(strat_cat_region) + cluster(patient_id) + rms::rcs(cov_num_age, parms=knot_placement)",R,4053,429,3
cohort_prevax-main-stroke_sahhs,prevax,stroke_sahhs,main,,mdl_age_sex,days183_365,0.194685303624306,0.181489530682109,1.21492859269907,0.851268541648227,1.73394341872402,69803,271.5,NA,"Surv(tstart, tstop, outcome_status) ~ days0_1 + days1_7 + days7_14 + days14_28 + days28_56 + days56_84 + days84_183 + days183_365 + days365_730 + days730_1065 + days1065_1582 + cov_cat_sex + rms::strat(strat_cat_region) + cluster(patient_id) + rms::rcs(cov_num_age, parms=knot_placement)",R,4053,429,33
cohort_prevax-main-stroke_sahhs,prevax,stroke_sahhs,main,,mdl_age_sex,days28_56,0.179002283641316,0.45014029067149,1.19602347545339,0.494970816822678,2.89001311838565,11829,41,NA,"Surv(tstart, tstop, outcome_status) ~ days0_1 + days1_7 + days7_14 + days14_28 + days28_56 + days56_84 + days84_183 + days183_365 + days365_730 + days730_1065 + days1065_1582 + cov_cat_sex + rms::strat(strat_cat_region) + cluster(patient_id) + rms::rcs(cov_num_age, parms=knot_placement)",R,4053,429,3
cohort_prevax-main-stroke_sahhs,prevax,stroke_sahhs,main,,mdl_age_sex,days365_730,0.10147082861964,0.142506097833233,1.10679763110633,0.837079701077807,1.46342217431063,120368,522,NA,"Surv(tstart, tstop, outcome_status) ~ days0_1 + days1_7 + days7_14 + days14_28 + days28_56 + days56_84 + days84_183 + days183_365 + days365_730 + days730_1065 + days1065_1582 + cov_cat_sex + rms::strat(strat_cat_region) + cluster(patient_id) + rms::rcs(cov_num_age, parms=knot_placement)",R,4053,429,51
cohort_prevax-main-stroke_sahhs,prevax,stroke_sahhs,main,,mdl_age_sex,days56_84,0.172119588804835,0.447156820026415,1.18781987467962,0.494458688244055,2.85345588666756,11719,80,NA,"Surv(tstart, tstop, outcome_status) ~ days0_1 + days1_7 + days7_14 + days14_28 + days28_56 + days56_84 + days84_183 + days183_365 + days365_730 + days730_1065 + days1065_1582 + cov_cat_sex + rms::strat(strat_cat_region) + cluster(patient_id) + rms::rcs(cov_num_age, parms=knot_placement)",R,4053,429,3
cohort_prevax-main-stroke_sahhs,prevax,stroke_sahhs,main,,mdl_age_sex,days7_14,-0.0326511009405209,1.00154888508059,0.967876191778834,0.135925159235609,6.89191263692768,3008,12,NA,"Surv(tstart, tstop, outcome_status) ~ days0_1 + days1_7 + days7_14 + days14_28 + days28_56 + days56_84 + days84_183 + days183_365 + days365_730 + days730_1065 + days1065_1582 + cov_cat_sex + rms::strat(strat_cat_region) + cluster(patient_id) + rms::rcs(cov_num_age, parms=knot_placement)",R,4053,429,3
cohort_prevax-main-stroke_sahhs,prevax,stroke_sahhs,main,,mdl_age_sex,days730_1065,-0.0795947549116859,0.158626028584038,0.923490510560928,0.676721098344085,1.26024550613679,93319,924,NA,"Surv(tstart, tstop, outcome_status) ~ days0_1 + days1_7 + days7_14 + days14_28 + days28_56 + days56_84 + days84_183 + days183_365 + days365_730 + days730_1065 + days1065_1582 + cov_cat_sex + rms::strat(strat_cat_region) + cluster(patient_id) + rms::rcs(cov_num_age, parms=knot_placement)",R,4053,429,39
cohort_prevax-main-stroke_sahhs,prevax,stroke_sahhs,main,,mdl_age_sex,days84_183,-0.302756602100572,0.303594785578354,0.738778891719076,0.407468582379649,1.33947566622728,40283,120,NA,"Surv(tstart, tstop, outcome_status) ~ days0_1 + days1_7 + days7_14 + days14_28 + days28_56 + days56_84 + days84_183 + days183_365 + days365_730 + days730_1065 + days1065_1582 + cov_cat_sex + rms::strat(strat_cat_region) + cluster(patient_id) + rms::rcs(cov_num_age, parms=knot_placement)",R,4053,429,9
cohort_prevax-main-stroke_sahhs,prevax,stroke_sahhs,main,,mdl_age_sex,days_pre,NA,NA,NA,NA,NA,4214100,761,NA,"Surv(tstart, tstop, outcome_status) ~ days0_1 + days1_7 + days7_14 + days14_28 + days28_56 + days56_84 + days84_183 + days183_365 + days365_730 + days730_1065 + days1065_1582 + cov_cat_sex + rms::strat(strat_cat_region) + cluster(patient_id) + rms::rcs(cov_num_age, parms=knot_placement)",R,4053,429,1767
cohort_prevax-main-stroke_sahhs,prevax,stroke_sahhs,main,,mdl_max_adj,cov_bin_ami,0.0270670292231583,0.0537727570315553,1.0274366687372,0.924663272098914,1.14163300319002,NA,NA,NA,"Surv(tstart, tstop, outcome_status) ~ days0_1 + days1_7 + days7_14 + days14_28 + days28_56 + days56_84 + days84_183 + days183_365 + days365_730 + days730_1065 + days1065_1582 + cov_cat_sex + rms::strat(strat_cat_region) + cluster(patient_id) + rms::rcs(cov_num_age, parms=knot_placement) + cov_cat_imd + cov_num_consrate2019 + cov_bin_hcworker + cov_bin_carehome + cov_bin_ami + cov_bin_dementia + cov_bin_liver_disease + cov_bin_ckd + cov_bin_cancer + cov_bin_hypertension + cov_bin_diabetes + cov_bin_depression + cov_bin_copd + cov_bin_stroke_all + cov_bin_other_ae + cov_bin_vte + cov_bin_hf + cov_bin_angina + cov_bin_lipidmed + cov_bin_antiplatelet + cov_bin_anticoagulant + cov_bin_cocp + cov_bin_hrt",R,4053,429,NA
cohort_prevax-main-stroke_sahhs,prevax,stroke_sahhs,main,,mdl_max_adj,cov_bin_angina,-0.00404645766407373,0.0778461261423716,0.99596171821424,0.855027145660299,1.16012661022853,NA,NA,NA,"Surv(tstart, tstop, outcome_status) ~ days0_1 + days1_7 + days7_14 + days14_28 + days28_56 + days56_84 + days84_183 + days183_365 + days365_730 + days730_1065 + days1065_1582 + cov_cat_sex + rms::strat(strat_cat_region) + cluster(patient_id) + rms::rcs(cov_num_age, parms=knot_placement) + cov_cat_imd + cov_num_consrate2019 + cov_bin_hcworker + cov_bin_carehome + cov_bin_ami + cov_bin_dementia + cov_bin_liver_disease + cov_bin_ckd + cov_bin_cancer + cov_bin_hypertension + cov_bin_diabetes + cov_bin_depression + cov_bin_copd + cov_bin_stroke_all + cov_bin_other_ae + cov_bin_vte + cov_bin_hf + cov_bin_angina + cov_bin_lipidmed + cov_bin_antiplatelet + cov_bin_anticoagulant + cov_bin_cocp + cov_bin_hrt",R,4053,429,NA
cohort_prevax-main-stroke_sahhs,prevax,stroke_sahhs,main,,mdl_max_adj,cov_bin_anticoagulant,0.0344963539369124,0.102622209206981,1.0350982543357,0.846504738116064,1.26570868169424,NA,NA,NA,"Surv(tstart, tstop, outcome_status) ~ days0_1 + days1_7 + days7_14 + days14_28 + days28_56 + days56_84 + days84_183 + days183_365 + days365_730 + days730_1065 + days1065_1582 + cov_cat_sex + rms::strat(strat_cat_region) + cluster(patient_id) + rms::rcs(cov_num_age, parms=knot_placement) + cov_cat_imd + cov_num_consrate2019 + cov_bin_hcworker + cov_bin_carehome + cov_bin_ami + cov_bin_dementia + cov_bin_liver_disease + cov_bin_ckd + cov_bin_cancer + cov_bin_hypertension + cov_bin_diabetes + cov_bin_depression + cov_bin_copd + cov_bin_stroke_all + cov_bin_other_ae + cov_bin_vte + cov_bin_hf + cov_bin_angina + cov_bin_lipidmed + cov_bin_antiplatelet + cov_bin_anticoagulant + cov_bin_cocp + cov_bin_hrt",R,4053,429,NA
cohort_prevax-main-stroke_sahhs,prevax,stroke_sahhs,main,,mdl_max_adj,cov_bin_antiplatelet,-0.155017300794339,0.0916025560882554,0.856400360948928,0.715656474323601,1.02482350757274,NA,NA,NA,"Surv(tstart, tstop, outcome_status) ~ days0_1 + days1_7 + days7_14 + days14_28 + days28_56 + days56_84 + days84_183 + days183_365 + days365_730 + days730_1065 + days1065_1582 + cov_cat_sex + rms::strat(strat_cat_region) + cluster(patient_id) + rms::rcs(cov_num_age, parms=knot_placement) + cov_cat_imd + cov_num_consrate2019 + cov_bin_hcworker + cov_bin_carehome + cov_bin_ami + cov_bin_dementia + cov_bin_liver_disease + cov_bin_ckd + cov_bin_cancer + cov_bin_hypertension + cov_bin_diabetes + cov_bin_depression + cov_bin_copd + cov_bin_stroke_all + cov_bin_other_ae + cov_bin_vte + cov_bin_hf + cov_bin_angina + cov_bin_lipidmed + cov_bin_antiplatelet + cov_bin_anticoagulant + cov_bin_cocp + cov_bin_hrt",R,4053,429,NA
cohort_prevax-main-stroke_sahhs,prevax,stroke_sahhs,main,,mdl_max_adj,cov_bin_cancer,-0.101795738166469,0.0598549452799466,0.903214024980621,0.803233939798835,1.01563882512983,NA,NA,NA,"Surv(tstart, tstop, outcome_status) ~ days0_1 + days1_7 + days7_14 + days14_28 + days28_56 + days56_84 + days84_183 + days183_365 + days365_730 + days730_1065 + days1065_1582 + cov_cat_sex + rms::strat(strat_cat_region) + cluster(patient_id) + rms::rcs(cov_num_age, parms=knot_placement) + cov_cat_imd + cov_num_consrate2019 + cov_bin_hcworker + cov_bin_carehome + cov_bin_ami + cov_bin_dementia + cov_bin_liver_disease + cov_bin_ckd + cov_bin_cancer + cov_bin_hypertension + cov_bin_diabetes + cov_bin_depression + cov_bin_copd + cov_bin_stroke_all + cov_bin_other_ae + cov_bin_vte + cov_bin_hf + cov_bin_angina + cov_bin_lipidmed + cov_bin_antiplatelet + cov_bin_anticoagulant + cov_bin_cocp + cov_bin_hrt",R,4053,429,NA
cohort_prevax-main-stroke_sahhs,prevax,stroke_sahhs,main,,mdl_max_adj,cov_bin_carehome,0.00336806127609314,0.0616342884639426,1.00337373956763,0.889200153445797,1.13220725092384,NA,NA,NA,"Surv(tstart, tstop, outcome_status) ~ days0_1 + days1_7 + days7_14 + days14_28 + days28_56 + days56_84 + days84_183 + days183_365 + days365_730 + days730_1065 + days1065_1582 + cov_cat_sex + rms::strat(strat_cat_region) + cluster(patient_id) + rms::rcs(cov_num_age, parms=knot_placement) + cov_cat_imd + cov_num_consrate2019 + cov_bin_hcworker + cov_bin_carehome + cov_bin_ami + cov_bin_dementia + cov_bin_liver_disease + cov_bin_ckd + cov_bin_cancer + cov_bin_hypertension + cov_bin_diabetes + cov_bin_depression + cov_bin_copd + cov_bin_stroke_all + cov_bin_other_ae + cov_bin_vte + cov_bin_hf + cov_bin_angina + cov_bin_lipidmed + cov_bin_antiplatelet + cov_bin_anticoagulant + cov_bin_cocp + cov_bin_hrt",R,4053,429,NA
cohort_prevax-main-stroke_sahhs,prevax,stroke_sahhs,main,,mdl_max_adj,cov_bin_ckd,0.0791578476397362,0.05336280628617,1.08237515895101,0.9748893215418,1.2017117828939,NA,NA,NA,"Surv(tstart, tstop, outcome_status) ~ days0_1 + days1_7 + days7_14 + days14_28 + days28_56 + days56_84 + days84_183 + days183_365 + days365_730 + days730_1065 + days1065_1582 + cov_cat_sex + rms::strat(strat_cat_region) + cluster(patient_id) + rms::rcs(cov_num_age, parms=knot_placement) + cov_cat_imd + cov_num_consrate2019 + cov_bin_hcworker + cov_bin_carehome + cov_bin_ami + cov_bin_dementia + cov_bin_liver_disease + cov_bin_ckd + cov_bin_cancer + cov_bin_hypertension + cov_bin_diabetes + cov_bin_depression + cov_bin_copd + cov_bin_stroke_all + cov_bin_other_ae + cov_bin_vte + cov_bin_hf + cov_bin_angina + cov_bin_lipidmed + cov_bin_antiplatelet + cov_bin_anticoagulant + cov_bin_cocp + cov_bin_hrt",R,4053,429,NA
cohort_prevax-main-stroke_sahhs,prevax,stroke_sahhs,main,,mdl_max_adj,cov_bin_cocp,0.0227884665440099,0.131505657866521,1.02305010733184,0.790604143926478,1.32383763752322,NA,NA,NA,"Surv(tstart, tstop, outcome_status) ~ days0_1 + days1_7 + days7_14 + days14_28 + days28_56 + days56_84 + days84_183 + days183_365 + days365_730 + days730_1065 + days1065_1582 + cov_cat_sex + rms::strat(strat_cat_region) + cluster(patient_id) + rms::rcs(cov_num_age, parms=knot_placement) + cov_cat_imd + cov_num_consrate2019 + cov_bin_hcworker + cov_bin_carehome + cov_bin_ami + cov_bin_dementia + cov_bin_liver_disease + cov_bin_ckd + cov_bin_cancer + cov_bin_hypertension + cov_bin_diabetes + cov_bin_depression + cov_bin_copd + cov_bin_stroke_all + cov_bin_other_ae + cov_bin_vte + cov_bin_hf + cov_bin_angina + cov_bin_lipidmed + cov_bin_antiplatelet + cov_bin_anticoagulant + cov_bin_cocp + cov_bin_hrt",R,4053,429,NA
cohort_prevax-main-stroke_sahhs,prevax,stroke_sahhs,main,,mdl_max_adj,cov_bin_copd,0.0320611252220157,0.052673151180956,1.0325806200958,0.931297639538983,1.14487859920404,NA,NA,NA,"Surv(tstart, tstop, outcome_status) ~ days0_1 + days1_7 + days7_14 + days14_28 + days28_56 + days56_84 + days84_183 + days183_365 + days365_730 + days730_1065 + days1065_1582 + cov_cat_sex + rms::strat(strat_cat_region) + cluster(patient_id) + rms::rcs(cov_num_age, parms=knot_placement) + cov_cat_imd + cov_num_consrate2019 + cov_bin_hcworker + cov_bin_carehome + cov_bin_ami + cov_bin_dementia + cov_bin_liver_disease + cov_bin_ckd + cov_bin_cancer + cov_bin_hypertension + cov_bin_diabetes + cov_bin_depression + cov_bin_copd + cov_bin_stroke_all + cov_bin_other_ae + cov_bin_vte + cov_bin_hf + cov_bin_angina + cov_bin_lipidmed + cov_bin_antiplatelet + cov_bin_anticoagulant + cov_bin_cocp + cov_bin_hrt",R,4053,429,NA
cohort_prevax-main-stroke_sahhs,prevax,stroke_sahhs,main,,mdl_max_adj,cov_bin_dementia,0.106011123205115,0.0686317975498645,1.1118342435981,0.971897698821341,1.27191924287557,NA,NA,NA,"Surv(tstart, tstop, outcome_status) ~ days0_1 + days1_7 + days7_14 + days14_28 + days28_56 + days56_84 + days84_183 + days183_365 + days365_730 + days730_1065 + days1065_1582 + cov_cat_sex + rms::strat(strat_cat_region) + cluster(patient_id) + rms::rcs(cov_num_age, parms=knot_placement) + cov_cat_imd + cov_num_consrate2019 + cov_bin_hcworker + cov_bin_carehome + cov_bin_ami + cov_bin_dementia + cov_bin_liver_disease + cov_bin_ckd + cov_bin_cancer + cov_bin_hypertension + cov_bin_diabetes + cov_bin_depression + cov_bin_copd + cov_bin_stroke_all + cov_bin_other_ae + cov_bin_vte + cov_bin_hf + cov_bin_angina + cov_bin_lipidmed + cov_bin_antiplatelet + cov_bin_anticoagulant + cov_bin_cocp + cov_bin_hrt",R,4053,429,NA
cohort_prevax-main-stroke_sahhs,prevax,stroke_sahhs,main,,mdl_max_adj,cov_bin_depression,0.0592969705528084,0.0536972453325782,1.06109030653012,0.955091915660358,1.17885265297605,NA,NA,NA,"Surv(tstart, tstop, outcome_status) ~ days0_1 + days1_7 + days7_14 + days14_28 + days28_56 + days56_84 + days84_183 + days183_365 + days365_730 + days730_1065 + days1065_1582 + cov_cat_sex + rms::strat(strat_cat_region) + cluster(patient_id) + rms::rcs(cov_num_age, parms=knot_placement) + cov_cat_imd + cov_num_consrate2019 + cov_bin_hcworker + cov_bin_carehome + cov_bin_ami + cov_bin_dementia + cov_bin_liver_disease + cov_bin_ckd + cov_bin_cancer + cov_bin_hypertension + cov_bin_diabetes + cov_bin_depression + cov_bin_copd + cov_bin_stroke_all + cov_bin_other_ae + cov_bin_vte + cov_bin_hf + cov_bin_angina + cov_bin_lipidmed + cov_bin_antiplatelet + cov_bin_anticoagulant + cov_bin_cocp + cov_bin_hrt",R,4053,429,NA
cohort_prevax-main-stroke_sahhs,prevax,stroke_sahhs,main,,mdl_max_adj,cov_bin_diabetes,-0.0264139671318459,0.0490404618926411,0.973931830380039,0.884678031637834,1.07219030687508,NA,NA,NA,"Surv(tstart, tstop, outcome_status) ~ days0_1 + days1_7 + days7_14 + days14_28 + days28_56 + days56_84 + days84_183 + days183_365 + days365_730 + days730_1065 + days1065_1582 + cov_cat_sex + rms::strat(strat_cat_region) + cluster(patient_id) + rms::rcs(cov_num_age, parms=knot_placement) + cov_cat_imd + cov_num_consrate2019 + cov_bin_hcworker + cov_bin_carehome + cov_bin_ami + cov_bin_dementia + cov_bin_liver_disease + cov_bin_ckd + cov_bin_cancer + cov_bin_hypertension + cov_bin_diabetes + cov_bin_depression + cov_bin_copd + cov_bin_stroke_all + cov_bin_other_ae + cov_bin_vte + cov_bin_hf + cov_bin_angina + cov_bin_lipidmed + cov_bin_antiplatelet + cov_bin_anticoagulant + cov_bin_cocp + cov_bin_hrt",R,4053,429,NA
cohort_prevax-main-stroke_sahhs,prevax,stroke_sahhs,main,,mdl_max_adj,cov_bin_hcworker,-0.0485458859102142,0.0455725227928587,0.952613626759601,0.871215087654606,1.04161731671921,NA,NA,NA,"Surv(tstart, tstop, outcome_status) ~ days0_1 + days1_7 + days7_14 + days14_28 + days28_56 + days56_84 + days84_183 + days183_365 + days365_730 + days730_1065 + days1065_1582 + cov_cat_sex + rms::strat(strat_cat_region) + cluster(patient_id) + rms::rcs(cov_num_age, parms=knot_placement) + cov_cat_imd + cov_num_consrate2019 + cov_bin_hcworker + cov_bin_carehome + cov_bin_ami + cov_bin_dementia + cov_bin_liver_disease + cov_bin_ckd + cov_bin_cancer + cov_bin_hypertension + cov_bin_diabetes + cov_bin_depression + cov_bin_copd + cov_bin_stroke_all + cov_bin_other_ae + cov_bin_vte + cov_bin_hf + cov_bin_angina + cov_bin_lipidmed + cov_bin_antiplatelet + cov_bin_anticoagulant + cov_bin_cocp + cov_bin_hrt",R,4053,429,NA
cohort_prevax-main-stroke_sahhs,prevax,stroke_sahhs,main,,mdl_max_adj,cov_bin_hf,-0.0672842096015283,0.074777741550225,0.934929447647917,0.807472815162695,1.08250464370509,NA,NA,NA,"Surv(tstart, tstop, outcome_status) ~ days0_1 + days1_7 + days7_14 + days14_28 + days28_56 + days56_84 + days84_183 + days183_365 + days365_730 + days730_1065 + days1065_1582 + cov_cat_sex + rms::strat(strat_cat_region) + cluster(patient_id) + rms::rcs(cov_num_age, parms=knot_placement) + cov_cat_imd + cov_num_consrate2019 + cov_bin_hcworker + cov_bin_carehome + cov_bin_ami + cov_bin_dementia + cov_bin_liver_disease + cov_bin_ckd + cov_bin_cancer + cov_bin_hypertension + cov_bin_diabetes + cov_bin_depression + cov_bin_copd + cov_bin_stroke_all + cov_bin_other_ae + cov_bin_vte + cov_bin_hf + cov_bin_angina + cov_bin_lipidmed + cov_bin_antiplatelet + cov_bin_anticoagulant + cov_bin_cocp + cov_bin_hrt",R,4053,429,NA
cohort_prevax-main-stroke_sahhs,prevax,stroke_sahhs,main,,mdl_max_adj,cov_bin_hrt,-0.00940397712911374,0.0916318037356167,0.990640101982609,0.827787324308673,1.18553133496663,NA,NA,NA,"Surv(tstart, tstop, outcome_status) ~ days0_1 + days1_7 + days7_14 + days14_28 + days28_56 + days56_84 + days84_183 + days183_365 + days365_730 + days730_1065 + days1065_1582 + cov_cat_sex + rms::strat(strat_cat_region) + cluster(patient_id) + rms::rcs(cov_num_age, parms=knot_placement) + cov_cat_imd + cov_num_consrate2019 + cov_bin_hcworker + cov_bin_carehome + cov_bin_ami + cov_bin_dementia + cov_bin_liver_disease + cov_bin_ckd + cov_bin_cancer + cov_bin_hypertension + cov_bin_diabetes + cov_bin_depression + cov_bin_copd + cov_bin_stroke_all + cov_bin_other_ae + cov_bin_vte + cov_bin_hf + cov_bin_angina + cov_bin_lipidmed + cov_bin_antiplatelet + cov_bin_anticoagulant + cov_bin_cocp + cov_bin_hrt",R,4053,429,NA
cohort_prevax-main-stroke_sahhs,prevax,stroke_sahhs,main,,mdl_max_adj,cov_bin_hypertension,0.0296364494538138,0.0551270309222407,1.0300799797337,0.924584764288987,1.14761220996773,NA,NA,NA,"Surv(tstart, tstop, outcome_status) ~ days0_1 + days1_7 + days7_14 + days14_28 + days28_56 + days56_84 + days84_183 + days183_365 + days365_730 + days730_1065 + days1065_1582 + cov_cat_sex + rms::strat(strat_cat_region) + cluster(patient_id) + rms::rcs(cov_num_age, parms=knot_placement) + cov_cat_imd + cov_num_consrate2019 + cov_bin_hcworker + cov_bin_carehome + cov_bin_ami + cov_bin_dementia + cov_bin_liver_disease + cov_bin_ckd + cov_bin_cancer + cov_bin_hypertension + cov_bin_diabetes + cov_bin_depression + cov_bin_copd + cov_bin_stroke_all + cov_bin_other_ae + cov_bin_vte + cov_bin_hf + cov_bin_angina + cov_bin_lipidmed + cov_bin_antiplatelet + cov_bin_anticoagulant + cov_bin_cocp + cov_bin_hrt",R,4053,429,NA
cohort_prevax-main-stroke_sahhs,prevax,stroke_sahhs,main,,mdl_max_adj,cov_bin_lipidmed,-0.0120541233677939,0.0621147172468428,0.988018236540381,0.874767858774625,1.11593038763884,NA,NA,NA,"Surv(tstart, tstop, outcome_status) ~ days0_1 + days1_7 + days7_14 + days14_28 + days28_56 + days56_84 + days84_183 + days183_365 + days365_730 + days730_1065 + days1065_1582 + cov_cat_sex + rms::strat(strat_cat_region) + cluster(patient_id) + rms::rcs(cov_num_age, parms=knot_placement) + cov_cat_imd + cov_num_consrate2019 + cov_bin_hcworker + cov_bin_carehome + cov_bin_ami + cov_bin_dementia + cov_bin_liver_disease + cov_bin_ckd + cov_bin_cancer + cov_bin_hypertension + cov_bin_diabetes + cov_bin_depression + cov_bin_copd + cov_bin_stroke_all + cov_bin_other_ae + cov_bin_vte + cov_bin_hf + cov_bin_angina + cov_bin_lipidmed + cov_bin_antiplatelet + cov_bin_anticoagulant + cov_bin_cocp + cov_bin_hrt",R,4053,429,NA
cohort_prevax-main-stroke_sahhs,prevax,stroke_sahhs,main,,mdl_max_adj,cov_bin_liver_disease,-0.0711494106831226,0.0587770938692161,0.931322732166238,0.829982719919168,1.0450362527235,NA,NA,NA,"Surv(tstart, tstop, outcome_status) ~ days0_1 + days1_7 + days7_14 + days14_28 + days28_56 + days56_84 + days84_183 + days183_365 + days365_730 + days730_1065 + days1065_1582 + cov_cat_sex + rms::strat(strat_cat_region) + cluster(patient_id) + rms::rcs(cov_num_age, parms=knot_placement) + cov_cat_imd + cov_num_consrate2019 + cov_bin_hcworker + cov_bin_carehome + cov_bin_ami + cov_bin_dementia + cov_bin_liver_disease + cov_bin_ckd + cov_bin_cancer + cov_bin_hypertension + cov_bin_diabetes + cov_bin_depression + cov_bin_copd + cov_bin_stroke_all + cov_bin_other_ae + cov_bin_vte + cov_bin_hf + cov_bin_angina + cov_bin_lipidmed + cov_bin_antiplatelet + cov_bin_anticoagulant + cov_bin_cocp + cov_bin_hrt",R,4053,429,NA
cohort_prevax-main-stroke_sahhs,prevax,stroke_sahhs,main,,mdl_max_adj,cov_bin_other_ae,-0.0244334461751508,0.0761199879457332,0.975862634148037,0.840611327462852,1.13287538439509,NA,NA,NA,"Surv(tstart, tstop, outcome_status) ~ days0_1 + days1_7 + days7_14 + days14_28 + days28_56 + days56_84 + days84_183 + days183_365 + days365_730 + days730_1065 + days1065_1582 + cov_cat_sex + rms::strat(strat_cat_region) + cluster(patient_id) + rms::rcs(cov_num_age, parms=knot_placement) + cov_cat_imd + cov_num_consrate2019 + cov_bin_hcworker + cov_bin_carehome + cov_bin_ami + cov_bin_dementia + cov_bin_liver_disease + cov_bin_ckd + cov_bin_cancer + cov_bin_hypertension + cov_bin_diabetes + cov_bin_depression + cov_bin_copd + cov_bin_stroke_all + cov_bin_other_ae + cov_bin_vte + cov_bin_hf + cov_bin_angina + cov_bin_lipidmed + cov_bin_antiplatelet + cov_bin_anticoagulant + cov_bin_cocp + cov_bin_hrt",R,4053,429,NA
cohort_prevax-main-stroke_sahhs,prevax,stroke_sahhs,main,,mdl_max_adj,cov_bin_stroke_all,-0.00310180161033503,0.0503320861563297,0.996903004006306,0.903254544452659,1.10026083511046,NA,NA,NA,"Surv(tstart, tstop, outcome_status) ~ days0_1 + days1_7 + days7_14 + days14_28 + days28_56 + days56_84 + days84_183 + days183_365 + days365_730 + days730_1065 + days1065_1582 + cov_cat_sex + rms::strat(strat_cat_region) + cluster(patient_id) + rms::rcs(cov_num_age, parms=knot_placement) + cov_cat_imd + cov_num_consrate2019 + cov_bin_hcworker + cov_bin_carehome + cov_bin_ami + cov_bin_dementia + cov_bin_liver_disease + cov_bin_ckd + cov_bin_cancer + cov_bin_hypertension + cov_bin_diabetes + cov_bin_depression + cov_bin_copd + cov_bin_stroke_all + cov_bin_other_ae + cov_bin_vte + cov_bin_hf + cov_bin_angina + cov_bin_lipidmed + cov_bin_antiplatelet + cov_bin_anticoagulant + cov_bin_cocp + cov_bin_hrt",R,4053,429,NA
cohort_prevax-main-stroke_sahhs,prevax,stroke_sahhs,main,,mdl_max_adj,cov_bin_vte,-0.00635105043179758,0.050073087151675,0.993669074860874,0.900781555185449,1.09613504478518,NA,NA,NA,"Surv(tstart, tstop, outcome_status) ~ days0_1 + days1_7 + days7_14 + days14_28 + days28_56 + days56_84 + days84_183 + days183_365 + days365_730 + days730_1065 + days1065_1582 + cov_cat_sex + rms::strat(strat_cat_region) + cluster(patient_id) + rms::rcs(cov_num_age, parms=knot_placement) + cov_cat_imd + cov_num_consrate2019 + cov_bin_hcworker + cov_bin_carehome + cov_bin_ami + cov_bin_dementia + cov_bin_liver_disease + cov_bin_ckd + cov_bin_cancer + cov_bin_hypertension + cov_bin_diabetes + cov_bin_depression + cov_bin_copd + cov_bin_stroke_all + cov_bin_other_ae + cov_bin_vte + cov_bin_hf + cov_bin_angina + cov_bin_lipidmed + cov_bin_antiplatelet + cov_bin_anticoagulant + cov_bin_cocp + cov_bin_hrt",R,4053,429,NA
cohort_prevax-main-stroke_sahhs,prevax,stroke_sahhs,main,,mdl_max_adj,cov_cat_imd=2,-0.0658808151551101,0.0723509203967057,0.936242443552623,0.812462098894303,1.07888098940529,NA,NA,NA,"Surv(tstart, tstop, outcome_status) ~ days0_1 + days1_7 + days7_14 + days14_28 + days28_56 + days56_84 + days84_183 + days183_365 + days365_730 + days730_1065 + days1065_1582 + cov_cat_sex + rms::strat(strat_cat_region) + cluster(patient_id) + rms::rcs(cov_num_age, parms=knot_placement) + cov_cat_imd + cov_num_consrate2019 + cov_bin_hcworker + cov_bin_carehome + cov_bin_ami + cov_bin_dementia + cov_bin_liver_disease + cov_bin_ckd + cov_bin_cancer + cov_bin_hypertension + cov_bin_diabetes + cov_bin_depression + cov_bin_copd + cov_bin_stroke_all + cov_bin_other_ae + cov_bin_vte + cov_bin_hf + cov_bin_angina + cov_bin_lipidmed + cov_bin_antiplatelet + cov_bin_anticoagulant + cov_bin_cocp + cov_bin_hrt",R,4053,429,NA
cohort_prevax-main-stroke_sahhs,prevax,stroke_sahhs,main,,mdl_max_adj,cov_cat_imd=3,-0.122922616543075,0.074295575512499,0.884332092587505,0.764495401435303,1.02295350437942,NA,NA,NA,"Surv(tstart, tstop, outcome_status) ~ days0_1 + days1_7 + days7_14 + days14_28 + days28_56 + days56_84 + days84_183 + days183_365 + days365_730 + days730_1065 + days1065_1582 + cov_cat_sex + rms::strat(strat_cat_region) + cluster(patient_id) + rms::rcs(cov_num_age, parms=knot_placement) + cov_cat_imd + cov_num_consrate2019 + cov_bin_hcworker + cov_bin_carehome + cov_bin_ami + cov_bin_dementia + cov_bin_liver_disease + cov_bin_ckd + cov_bin_cancer + cov_bin_hypertension + cov_bin_diabetes + cov_bin_depression + cov_bin_copd + cov_bin_stroke_all + cov_bin_other_ae + cov_bin_vte + cov_bin_hf + cov_bin_angina + cov_bin_lipidmed + cov_bin_antiplatelet + cov_bin_anticoagulant + cov_bin_cocp + cov_bin_hrt",R,4053,429,NA
cohort_prevax-main-stroke_sahhs,prevax,stroke_sahhs,main,,mdl_max_adj,cov_cat_imd=4,0.0724993103527794,0.0714942350403171,1.07519206458668,0.934609190235521,1.23692125845547,NA,NA,NA,"Surv(tstart, tstop, outcome_status) ~ days0_1 + days1_7 + days7_14 + days14_28 + days28_56 + days56_84 + days84_183 + days183_365 + days365_730 + days730_1065 + days1065_1582 + cov_cat_sex + rms::strat(strat_cat_region) + cluster(patient_id) + rms::rcs(cov_num_age, parms=knot_placement) + cov_cat_imd + cov_num_consrate2019 + cov_bin_hcworker + cov_bin_carehome + cov_bin_ami + cov_bin_dementia + cov_bin_liver_disease + cov_bin_ckd + cov_bin_cancer + cov_bin_hypertension + cov_bin_diabetes + cov_bin_depression + cov_bin_copd + cov_bin_stroke_all + cov_bin_other_ae + cov_bin_vte + cov_bin_hf + cov_bin_angina + cov_bin_lipidmed + cov_bin_antiplatelet + cov_bin_anticoagulant + cov_bin_cocp + cov_bin_hrt",R,4053,429,NA
cohort_prevax-main-stroke_sahhs,prevax,stroke_sahhs,main,,mdl_max_adj,cov_cat_imd=5 (least deprived),0.0382985305146046,0.0704411154301771,1.0390413721387,0.905051420413921,1.19286810524215,NA,NA,NA,"Surv(tstart, tstop, outcome_status) ~ days0_1 + days1_7 + days7_14 + days14_28 + days28_56 + days56_84 + days84_183 + days183_365 + days365_730 + days730_1065 + days1065_1582 + cov_cat_sex + rms::strat(strat_cat_region) + cluster(patient_id) + rms::rcs(cov_num_age, parms=knot_placement) + cov_cat_imd + cov_num_consrate2019 + cov_bin_hcworker + cov_bin_carehome + cov_bin_ami + cov_bin_dementia + cov_bin_liver_disease + cov_bin_ckd + cov_bin_cancer + cov_bin_hypertension + cov_bin_diabetes + cov_bin_depression + cov_bin_copd + cov_bin_stroke_all + cov_bin_other_ae + cov_bin_vte + cov_bin_hf + cov_bin_angina + cov_bin_lipidmed + cov_bin_antiplatelet + cov_bin_anticoagulant + cov_bin_cocp + cov_bin_hrt",R,4053,429,NA
cohort_prevax-main-stroke_sahhs,prevax,stroke_sahhs,main,,mdl_max_adj,cov_cat_sex=Male,-0.0816611296375813,0.0455132237273724,0.921584203361122,0.842935017334832,1.00757167091017,NA,NA,NA,"Surv(tstart, tstop, outcome_status) ~ days0_1 + days1_7 + days7_14 + days14_28 + days28_56 + days56_84 + days84_183 + days183_365 + days365_730 + days730_1065 + days1065_1582 + cov_cat_sex + rms::strat(strat_cat_region) + cluster(patient_id) + rms::rcs(cov_num_age, parms=knot_placement) + cov_cat_imd + cov_num_consrate2019 + cov_bin_hcworker + cov_bin_carehome + cov_bin_ami + cov_bin_dementia + cov_bin_liver_disease + cov_bin_ckd + cov_bin_cancer + cov_bin_hypertension + cov_bin_diabetes + cov_bin_depression + cov_bin_copd + cov_bin_stroke_all + cov_bin_other_ae + cov_bin_vte + cov_bin_hf + cov_bin_angina + cov_bin_lipidmed + cov_bin_antiplatelet + cov_bin_anticoagulant + cov_bin_cocp + cov_bin_hrt",R,4053,429,NA
cohort_prevax-main-stroke_sahhs,prevax,stroke_sahhs,main,,mdl_max_adj,cov_num_age,-0.00185610323405481,0.00238998983919086,0.998145618260298,0.993480944602362,1.00283219387866,NA,NA,NA,"Surv(tstart, tstop, outcome_status) ~ days0_1 + days1_7 + days7_14 + days14_28 + days28_56 + days56_84 + days84_183 + days183_365 + days365_730 + days730_1065 + days1065_1582 + cov_cat_sex + rms::strat(strat_cat_region) + cluster(patient_id) + rms::rcs(cov_num_age, parms=knot_placement) + cov_cat_imd + cov_num_consrate2019 + cov_bin_hcworker + cov_bin_carehome + cov_bin_ami + cov_bin_dementia + cov_bin_liver_disease + cov_bin_ckd + cov_bin_cancer + cov_bin_hypertension + cov_bin_diabetes + cov_bin_depression + cov_bin_copd + cov_bin_stroke_all + cov_bin_other_ae + cov_bin_vte + cov_bin_hf + cov_bin_angina + cov_bin_lipidmed + cov_bin_antiplatelet + cov_bin_anticoagulant + cov_bin_cocp + cov_bin_hrt",R,4053,429,NA
cohort_prevax-main-stroke_sahhs,prevax,stroke_sahhs,main,,mdl_max_adj,cov_num_age',0.00295988580742146,0.00305547609399905,1.00296427059451,0.996975844705297,1.00898866650728,NA,NA,NA,"Surv(tstart, tstop, outcome_status) ~ days0_1 + days1_7 + days7_14 + days14_28 + days28_56 + days56_84 + days84_183 + days183_365 + days365_730 + days730_1065 + days1065_1582 + cov_cat_sex + rms::strat(strat_cat_region) + cluster(patient_id) + rms::rcs(cov_num_age, parms=knot_placement) + cov_cat_imd + cov_num_consrate2019 + cov_bin_hcworker + cov_bin_carehome + cov_bin_ami + cov_bin_dementia + cov_bin_liver_disease + cov_bin_ckd + cov_bin_cancer + cov_bin_hypertension + cov_bin_diabetes + cov_bin_depression + cov_bin_copd + cov_bin_stroke_all + cov_bin_other_ae + cov_bin_vte + cov_bin_hf + cov_bin_angina + cov_bin_lipidmed + cov_bin_antiplatelet + cov_bin_anticoagulant + cov_bin_cocp + cov_bin_hrt",R,4053,429,NA
cohort_prevax-main-stroke_sahhs,prevax,stroke_sahhs,main,,mdl_max_adj,cov_num_consrate2019,0.0951333642659447,0.0915723868369657,1.09980552010182,0.919113908574582,1.31601988693906,NA,NA,NA,"Surv(tstart, tstop, outcome_status) ~ days0_1 + days1_7 + days7_14 + days14_28 + days28_56 + days56_84 + days84_183 + days183_365 + days365_730 + days730_1065 + days1065_1582 + cov_cat_sex + rms::strat(strat_cat_region) + cluster(patient_id) + rms::rcs(cov_num_age, parms=knot_placement) + cov_cat_imd + cov_num_consrate2019 + cov_bin_hcworker + cov_bin_carehome + cov_bin_ami + cov_bin_dementia + cov_bin_liver_disease + cov_bin_ckd + cov_bin_cancer + cov_bin_hypertension + cov_bin_diabetes + cov_bin_depression + cov_bin_copd + cov_bin_stroke_all + cov_bin_other_ae + cov_bin_vte + cov_bin_hf + cov_bin_angina + cov_bin_lipidmed + cov_bin_antiplatelet + cov_bin_anticoagulant + cov_bin_cocp + cov_bin_hrt",R,4053,429,NA
cohort_prevax-main-stroke_sahhs,prevax,stroke_sahhs,main,,mdl_max_adj,days0_1,-2.00984871994599,0.0846634845027388,0.134008946016032,0.113518881351429,0.158197450490483,432,NA,NA,"Surv(tstart, tstop, outcome_status) ~ days0_1 + days1_7 + days7_14 + days14_28 + days28_56 + days56_84 + days84_183 + days183_365 + days365_730 + days730_1065 + days1065_1582 + cov_cat_sex + rms::strat(strat_cat_region) + cluster(patient_id) + rms::rcs(cov_num_age, parms=knot_placement) + cov_cat_imd + cov_num_consrate2019 + cov_bin_hcworker + cov_bin_carehome + cov_bin_ami + cov_bin_dementia + cov_bin_liver_disease + cov_bin_ckd + cov_bin_cancer + cov_bin_hypertension + cov_bin_diabetes + cov_bin_depression + cov_bin_copd + cov_bin_stroke_all + cov_bin_other_ae + cov_bin_vte + cov_bin_hf + cov_bin_angina + cov_bin_lipidmed + cov_bin_antiplatelet + cov_bin_anticoagulant + cov_bin_cocp + cov_bin_hrt",R,4053,429,0
cohort_prevax-main-stroke_sahhs,prevax,stroke_sahhs,main,,mdl_max_adj,days1_7,0.110204952329669,1.00134171166136,1.11650687769646,0.156862016048785,7.94703293597728,2587,2,NA,"Surv(tstart, tstop, outcome_status) ~ days0_1 + days1_7 + days7_14 + days14_28 + days28_56 + days56_84 + days84_183 + days183_365 + days365_730 + days730_1065 + days1065_1582 + cov_cat_sex + rms::strat(strat_cat_region) + cluster(patient_id) + rms::rcs(cov_num_age, parms=knot_placement) + cov_cat_imd + cov_num_consrate2019 + cov_bin_hcworker + cov_bin_carehome + cov_bin_ami + cov_bin_dementia + cov_bin_liver_disease + cov_bin_ckd + cov_bin_cancer + cov_bin_hypertension + cov_bin_diabetes + cov_bin_depression + cov_bin_copd + cov_bin_stroke_all + cov_bin_other_ae + cov_bin_vte + cov_bin_hf + cov_bin_angina + cov_bin_lipidmed + cov_bin_antiplatelet + cov_bin_anticoagulant + cov_bin_cocp + cov_bin_hrt",R,4053,429,3
cohort_prevax-main-stroke_sahhs,prevax,stroke_sahhs,main,,mdl_max_adj,days1065_1582,0.0196864214021401,0.156736318626325,1.01988147687476,0.750128226667834,1.38664056343107,73431,1286,NA,"Surv(tstart, tstop, outcome_status) ~ days0_1 + days1_7 + days7_14 + days14_28 + days28_56 + days56_84 + days84_183 + days183_365 + days365_730 + days730_1065 + days1065_1582 + cov_cat_sex + rms::strat(strat_cat_region) + cluster(patient_id) + rms::rcs(cov_num_age, parms=knot_placement) + cov_cat_imd + cov_num_consrate2019 + cov_bin_hcworker + cov_bin_carehome + cov_bin_ami + cov_bin_dementia + cov_bin_liver_disease + cov_bin_ckd + cov_bin_cancer + cov_bin_hypertension + cov_bin_diabetes + cov_bin_depression + cov_bin_copd + cov_bin_stroke_all + cov_bin_other_ae + cov_bin_vte + cov_bin_hf + cov_bin_angina + cov_bin_lipidmed + cov_bin_antiplatelet + cov_bin_anticoagulant + cov_bin_cocp + cov_bin_hrt",R,4053,429,45
cohort_prevax-main-stroke_sahhs,prevax,stroke_sahhs,main,,mdl_max_adj,days14_28,0.638902121030966,0.489719568459715,1.89439991536468,0.725473600248733,4.94676999701062,5972,19.5,NA,"Surv(tstart, tstop, outcome_status) ~ days0_1 + days1_7 + days7_14 + days14_28 + days28_56 + days56_84 + days84_183 + days183_365 + days365_730 + days730_1065 + days1065_1582 + cov_cat_sex + rms::strat(strat_cat_region) + cluster(patient_id) + rms::rcs(cov_num_age, parms=knot_placement) + cov_cat_imd + cov_num_consrate2019 + cov_bin_hcworker + cov_bin_carehome + cov_bin_ami + cov_bin_dementia + cov_bin_liver_disease + cov_bin_ckd + cov_bin_cancer + cov_bin_hypertension + cov_bin_diabetes + cov_bin_depression + cov_bin_copd + cov_bin_stroke_all + cov_bin_other_ae + cov_bin_vte + cov_bin_hf + cov_bin_angina + cov_bin_lipidmed + cov_bin_antiplatelet + cov_bin_anticoagulant + cov_bin_cocp + cov_bin_hrt",R,4053,429,3
cohort_prevax-main-stroke_sahhs,prevax,stroke_sahhs,main,,mdl_max_adj,days183_365,0.184691815368904,0.181736351469096,1.20284768383023,0.842396150215638,1.7175322443311,69803,271.5,NA,"Surv(tstart, tstop, outcome_status) ~ days0_1 + days1_7 + days7_14 + days14_28 + days28_56 + days56_84 + days84_183 + days183_365 + days365_730 + days730_1065 + days1065_1582 + cov_cat_sex + rms::strat(strat_cat_region) + cluster(patient_id) + rms::rcs(cov_num_age, parms=knot_placement) + cov_cat_imd + cov_num_consrate2019 + cov_bin_hcworker + cov_bin_carehome + cov_bin_ami + cov_bin_dementia + cov_bin_liver_disease + cov_bin_ckd + cov_bin_cancer + cov_bin_hypertension + cov_bin_diabetes + cov_bin_depression + cov_bin_copd + cov_bin_stroke_all + cov_bin_other_ae + cov_bin_vte + cov_bin_hf + cov_bin_angina + cov_bin_lipidmed + cov_bin_antiplatelet + cov_bin_anticoagulant + cov_bin_cocp + cov_bin_hrt",R,4053,429,33
cohort_prevax-main-stroke_sahhs,prevax,stroke_sahhs,main,,mdl_max_adj,days28_56,0.169908351928644,0.45000482511013,1.18519622539453,0.490620237177413,2.86309040322258,11829,41,NA,"Surv(tstart, tstop, outcome_status) ~ days0_1 + days1_7 + days7_14 + days14_28 + days28_56 + days56_84 + days84_183 + days183_365 + days365_730 + days730_1065 + days1065_1582 + cov_cat_sex + rms::strat(strat_cat_region) + cluster(patient_id) + rms::rcs(cov_num_age, parms=knot_placement) + cov_cat_imd + cov_num_consrate2019 + cov_bin_hcworker + cov_bin_carehome + cov_bin_ami + cov_bin_dementia + cov_bin_liver_disease + cov_bin_ckd + cov_bin_cancer + cov_bin_hypertension + cov_bin_diabetes + cov_bin_depression + cov_bin_copd + cov_bin_stroke_all + cov_bin_other_ae + cov_bin_vte + cov_bin_hf + cov_bin_angina + cov_bin_lipidmed + cov_bin_antiplatelet + cov_bin_anticoagulant + cov_bin_cocp + cov_bin_hrt",R,4053,429,3
cohort_prevax-main-stroke_sahhs,prevax,stroke_sahhs,main,,mdl_max_adj,days365_730,0.0878008037786163,0.143192636975903,1.09177062378363,0.824604330121092,1.4454970116175,120368,522,NA,"Surv(tstart, tstop, outcome_status) ~ days0_1 + days1_7 + days7_14 + days14_28 + days28_56 + days56_84 + days84_183 + days183_365 + days365_730 + days730_1065 + days1065_1582 + cov_cat_sex + rms::strat(strat_cat_region) + cluster(patient_id) + rms::rcs(cov_num_age, parms=knot_placement) + cov_cat_imd + cov_num_consrate2019 + cov_bin_hcworker + cov_bin_carehome + cov_bin_ami + cov_bin_dementia + cov_bin_liver_disease + cov_bin_ckd + cov_bin_cancer + cov_bin_hypertension + cov_bin_diabetes + cov_bin_depression + cov_bin_copd + cov_bin_stroke_all + cov_bin_other_ae + cov_bin_vte + cov_bin_hf + cov_bin_angina + cov_bin_lipidmed + cov_bin_antiplatelet + cov_bin_anticoagulant + cov_bin_cocp + cov_bin_hrt",R,4053,429,51
cohort_prevax-main-stroke_sahhs,prevax,stroke_sahhs,main,,mdl_max_adj,days56_84,0.161872031246177,0.447541882069011,1.17570977757878,0.489048340198063,2.82649662103857,11719,80,NA,"Surv(tstart, tstop, outcome_status) ~ days0_1 + days1_7 + days7_14 + days14_28 + days28_56 + days56_84 + days84_183 + days183_365 + days365_730 + days730_1065 + days1065_1582 + cov_cat_sex + rms::strat(strat_cat_region) + cluster(patient_id) + rms::rcs(cov_num_age, parms=knot_placement) + cov_cat_imd + cov_num_consrate2019 + cov_bin_hcworker + cov_bin_carehome + cov_bin_ami + cov_bin_dementia + cov_bin_liver_disease + cov_bin_ckd + cov_bin_cancer + cov_bin_hypertension + cov_bin_diabetes + cov_bin_depression + cov_bin_copd + cov_bin_stroke_all + cov_bin_other_ae + cov_bin_vte + cov_bin_hf + cov_bin_angina + cov_bin_lipidmed + cov_bin_antiplatelet + cov_bin_anticoagulant + cov_bin_cocp + cov_bin_hrt",R,4053,429,3
cohort_prevax-main-stroke_sahhs,prevax,stroke_sahhs,main,,mdl_max_adj,days7_14,-0.044702211993747,1.00142276188046,0.956282208809233,0.13433014256842,6.8076728379804,3008,12,NA,"Surv(tstart, tstop, outcome_status) ~ days0_1 + days1_7 + days7_14 + days14_28 + days28_56 + days56_84 + days84_183 + days183_365 + days365_730 + days730_1065 + days1065_1582 + cov_cat_sex + rms::strat(strat_cat_region) + cluster(patient_id) + rms::rcs(cov_num_age, parms=knot_placement) + cov_cat_imd + cov_num_consrate2019 + cov_bin_hcworker + cov_bin_carehome + cov_bin_ami + cov_bin_dementia + cov_bin_liver_disease + cov_bin_ckd + cov_bin_cancer + cov_bin_hypertension + cov_bin_diabetes + cov_bin_depression + cov_bin_copd + cov_bin_stroke_all + cov_bin_other_ae + cov_bin_vte + cov_bin_hf + cov_bin_angina + cov_bin_lipidmed + cov_bin_antiplatelet + cov_bin_anticoagulant + cov_bin_cocp + cov_bin_hrt",R,4053,429,3
cohort_prevax-main-stroke_sahhs,prevax,stroke_sahhs,main,,mdl_max_adj,days730_1065,-0.0943093245057478,0.158527561974602,0.910001233019434,0.66696504780373,1.24159766216202,93319,924,NA,"Surv(tstart, tstop, outcome_status) ~ days0_1 + days1_7 + days7_14 + days14_28 + days28_56 + days56_84 + days84_183 + days183_365 + days365_730 + days730_1065 + days1065_1582 + cov_cat_sex + rms::strat(strat_cat_region) + cluster(patient_id) + rms::rcs(cov_num_age, parms=knot_placement) + cov_cat_imd + cov_num_consrate2019 + cov_bin_hcworker + cov_bin_carehome + cov_bin_ami + cov_bin_dementia + cov_bin_liver_disease + cov_bin_ckd + cov_bin_cancer + cov_bin_hypertension + cov_bin_diabetes + cov_bin_depression + cov_bin_copd + cov_bin_stroke_all + cov_bin_other_ae + cov_bin_vte + cov_bin_hf + cov_bin_angina + cov_bin_lipidmed + cov_bin_antiplatelet + cov_bin_anticoagulant + cov_bin_cocp + cov_bin_hrt",R,4053,429,39
cohort_prevax-main-stroke_sahhs,prevax,stroke_sahhs,main,,mdl_max_adj,days84_183,-0.311679672593776,0.303774939906903,0.732216039530847,0.403706312668354,1.32804544224871,40283,120,NA,"Surv(tstart, tstop, outcome_status) ~ days0_1 + days1_7 + days7_14 + days14_28 + days28_56 + days56_84 + days84_183 + days183_365 + days365_730 + days730_1065 + days1065_1582 + cov_cat_sex + rms::strat(strat_cat_region) + cluster(patient_id) + rms::rcs(cov_num_age, parms=knot_placement) + cov_cat_imd + cov_num_consrate2019 + cov_bin_hcworker + cov_bin_carehome + cov_bin_ami + cov_bin_dementia + cov_bin_liver_disease + cov_bin_ckd + cov_bin_cancer + cov_bin_hypertension + cov_bin_diabetes + cov_bin_depression + cov_bin_copd + cov_bin_stroke_all + cov_bin_other_ae + cov_bin_vte + cov_bin_hf + cov_bin_angina + cov_bin_lipidmed + cov_bin_antiplatelet + cov_bin_anticoagulant + cov_bin_cocp + cov_bin_hrt",R,4053,429,9
cohort_prevax-main-stroke_sahhs,prevax,stroke_sahhs,main,,mdl_max_adj,days_pre,NA,NA,NA,NA,NA,4214100,761,NA,"Surv(tstart, tstop, outcome_status) ~ days0_1 + days1_7 + days7_14 + days14_28 + days28_56 + days56_84 + days84_183 + days183_365 + days365_730 + days730_1065 + days1065_1582 + cov_cat_sex + rms::strat(strat_cat_region) + cluster(patient_id) + rms::rcs(cov_num_age, parms=knot_placement) + cov_cat_imd + cov_num_consrate2019 + cov_bin_hcworker + cov_bin_carehome + cov_bin_ami + cov_bin_dementia + cov_bin_liver_disease + cov_bin_ckd + cov_bin_cancer + cov_bin_hypertension + cov_bin_diabetes + cov_bin_depression + cov_bin_copd + cov_bin_stroke_all + cov_bin_other_ae + cov_bin_vte + cov_bin_hf + cov_bin_angina + cov_bin_lipidmed + cov_bin_antiplatelet + cov_bin_anticoagulant + cov_bin_cocp + cov_bin_hrt",R,4053,429,1767
